0.017191, 0.317600
0.018510, 0.647000
0.019884, 0.976400
0.021311, 1.305800
0.022795, 1.635200
0.024340, 1.964600
0.025946, 2.294000
0.027615, 2.623400
0.029344, 2.952800
0.031131, 3.282200
0.032976, 3.611600
0.034879, 3.941000
0.036844, 4.270400
0.038873, 4.599800
0.040969, 4.929200
0.043132, 5.258600
0.045363, 5.588000
0.047661, 5.917400
0.050022, 6.246800
0.052446, 6.576200
0.054934, 6.905600
0.057487, 7.235000
0.060104, 7.564400
0.062792, 7.893800
0.065552, 8.223200
0.068385, 8.552600
0.071292, 8.882000
0.074274, 9.211400
0.077331, 9.540800
0.080459, 9.870200
0.083656, 10.199600
0.086923, 10.529000
0.090262, 10.858400
0.093671, 11.187800
0.097152, 11.517200
0.100705, 11.846600
0.104338, 12.176000
0.108051, 12.505400
0.111844, 12.834800
0.115719, 13.164200
0.119677, 13.493600
0.123718, 13.823000
0.127843, 14.152400
0.132052, 14.481800
0.136338, 14.811200
0.140702, 15.140600
0.145145, 15.470000
0.149668, 15.799400
0.154271, 16.128800
0.158955, 16.458200
0.163721, 16.787600
0.168568, 17.117000
0.173505, 17.446400
0.178532, 17.775800
0.183650, 18.105200
0.188861, 18.434600
0.194164, 18.764000
0.199562, 19.093400
0.205055, 19.422800
0.210644, 19.752200
0.216330, 20.081600
0.222111, 20.411000
0.227982, 20.740400
0.233943, 21.069800
0.239995, 21.399200
0.246138, 21.728600
0.252374, 22.058000
0.258702, 22.387400
0.265125, 22.716800
0.271641, 23.046200
0.278253, 23.375600
0.284961, 23.705000
0.291772, 24.034400
0.298688, 24.363800
0.305710, 24.693200
0.312839, 25.022600
0.320077, 25.352000
0.327424, 25.681400
0.334881, 26.010800
0.342449, 26.340200
0.350129, 26.669600
0.357923, 26.999000
0.365832, 27.328400
0.373856, 27.657800
0.381988, 27.987200
0.390227, 28.316600
0.398574, 28.646000
0.407029, 28.975400
0.415593, 29.304800
0.424268, 29.634200
0.433053, 29.963600
0.441951, 30.293000
0.450960, 30.622400
0.460084, 30.951800
0.469321, 31.281200
0.478674, 31.610600
0.488142, 31.940000
0.497736, 32.269400
0.507457, 32.598800
0.517305, 32.928200
0.527283, 33.257600
0.537391, 33.587000
0.547630, 33.916400
0.558001, 34.245800
0.568507, 34.575200
0.579147, 34.904600
0.589923, 35.234000
0.600837, 35.563400
0.611889, 35.892800
0.623081, 36.222200
0.634415, 36.551600
0.645890, 36.881000
0.657496, 37.210400
0.669234, 37.539800
0.681105, 37.869200
0.693110, 38.198600
0.705250, 38.528000
0.717526, 38.857400
0.729939, 39.186800
0.742490, 39.516200
0.755179, 39.845600
0.768009, 40.175000
0.780979, 40.504400
0.794091, 40.833800
0.807345, 41.163200
0.820744, 41.492600
0.834287, 41.822000
0.847980, 42.151400
0.861829, 42.480800
0.875837, 42.810200
0.890006, 43.139600
0.904335, 43.469000
0.918828, 43.798400
0.933485, 44.127800
0.948307, 44.457200
0.963296, 44.786600
0.978454, 45.116000
0.993781, 45.445400
1.009279, 45.774800
1.024950, 46.104200
1.040795, 46.433600
1.056815, 46.763000
1.073013, 47.092400
1.089389, 47.421800
1.105944, 47.751200
1.122682, 48.080600
1.139588, 48.410000
1.156663, 48.739400
1.173908, 49.068800
1.191324, 49.398200
1.208913, 49.727600
1.226675, 50.057000
1.244612, 50.386400
1.262725, 50.715800
1.281015, 51.045200
1.299483, 51.374600
1.318130, 51.704000
1.336958, 52.033400
1.355968, 52.362800
1.375161, 52.692200
1.394539, 53.021600
1.414101, 53.351000
1.433851, 53.680400
1.453788, 54.009800
1.473915, 54.339200
1.494241, 54.668600
1.514771, 54.998000
1.535508, 55.327400
1.556453, 55.656800
1.577607, 55.986200
1.598973, 56.315600
1.620551, 56.645000
1.642344, 56.974400
1.664354, 57.303800
1.686580, 57.633200
1.709027, 57.962600
1.731694, 58.292000
1.754585, 58.621400
1.777700, 58.950800
1.801041, 59.280200
1.824610, 59.609600
1.848409, 59.939000
1.872439, 60.268400
1.896703, 60.597800
1.921202, 60.927200
1.945937, 61.256600
1.970911, 61.586000
1.996121, 61.915400
2.021553, 62.244800
2.047211, 62.574200
2.073094, 62.903600
2.099204, 63.233000
2.125543, 63.562400
2.152112, 63.891800
2.178913, 64.221200
2.205947, 64.550600
2.233216, 64.880000
2.260720, 65.209400
2.288462, 65.538800
2.316442, 65.868200
2.344663, 66.197600
2.373126, 66.527000
2.401832, 66.856400
2.430783, 67.185800
2.459980, 67.515200
2.489425, 67.844600
2.519119, 68.174000
2.549064, 68.503400
2.579262, 68.832800
2.609713, 69.162200
2.640420, 69.491600
2.671399, 69.821000
2.702654, 70.150400
2.734185, 70.479800
2.765996, 70.809200
2.798088, 71.138600
2.830463, 71.468000
2.863123, 71.797400
2.896070, 72.126800
2.929307, 72.456200
2.962835, 72.785600
2.996656, 73.115000
3.030772, 73.444400
3.065185, 73.773800
3.099898, 74.103200
3.134912, 74.432600
3.170230, 74.762000
3.205853, 75.091400
3.241785, 75.420800
3.278026, 75.750200
3.314579, 76.079600
3.351446, 76.409000
3.388630, 76.738400
3.426132, 77.067800
3.463955, 77.397200
3.502101, 77.726600
3.540573, 78.056000
3.579371, 78.385400
3.618484, 78.714800
3.657903, 79.044200
3.697631, 79.373600
3.737670, 79.703000
3.778021, 80.032400
3.818685, 80.361800
3.859666, 80.691200
3.900964, 81.020600
3.942582, 81.350000
3.984521, 81.679400
4.026783, 82.008800
4.069370, 82.338200
4.112283, 82.667600
4.155525, 82.997000
4.199098, 83.326400
4.243003, 83.655800
4.287242, 83.985200
4.331817, 84.314600
4.376731, 84.644000
4.421984, 84.973400
4.467579, 85.302800
4.513518, 85.632200
4.559802, 85.961600
4.606434, 86.291000
4.653416, 86.620400
4.700749, 86.949800
4.748435, 87.279200
4.796478, 87.608600
4.844883, 87.938000
4.893669, 88.267400
4.942839, 88.596800
4.992395, 88.926200
5.042339, 89.255600
5.092675, 89.585000
5.143403, 89.914400
5.194528, 90.243800
5.246051, 90.573200
5.297975, 90.902600
5.350303, 91.232000
5.403037, 91.561400
5.456179, 91.890800
5.509733, 92.220200
5.563700, 92.549600
5.618084, 92.879000
5.672886, 93.208400
5.728111, 93.537800
5.783760, 93.867200
5.839835, 94.196600
5.896341, 94.526000
5.953279, 94.855400
6.010652, 95.184800
6.068462, 95.514200
6.126714, 95.843600
6.185408, 96.173000
6.244549, 96.502400
6.304139, 96.831800
6.364180, 97.161200
6.424676, 97.490600
6.485629, 97.820000
6.547043, 98.149400
6.608919, 98.478800
6.671262, 98.808200
6.734043, 99.137600
6.797262, 99.467000
6.860922, 99.796400
6.925025, 100.125800
6.989573, 100.455200
7.054568, 100.784600
7.120014, 101.114000
7.185912, 101.443400
7.252265, 101.772800
7.319075, 102.102200
7.386344, 102.431600
7.454076, 102.761000
7.522271, 103.090400
7.590934, 103.419800
7.660065, 103.749200
7.729669, 104.078600
7.799746, 104.408000
7.870301, 104.737400
7.941334, 105.066800
8.012849, 105.396200
8.084848, 105.725600
8.157334, 106.055000
8.230309, 106.384400
8.303776, 106.713800
8.377737, 107.043200
8.452195, 107.372600
8.527152, 107.702000
8.602612, 108.031400
8.678576, 108.360800
8.755047, 108.690200
8.832029, 109.019600
8.909523, 109.349000
8.987532, 109.678400
9.066059, 110.007800
9.145109, 110.337200
9.224710, 110.666600
9.304867, 110.996000
9.385583, 111.325400
9.466861, 111.654800
9.548705, 111.984200
9.631117, 112.313600
9.714101, 112.643000
9.797660, 112.972400
9.881798, 113.301800
9.966518, 113.631200
10.051823, 113.960600
10.137717, 114.290000
10.224203, 114.619400
10.311284, 114.948800
10.398964, 115.278200
10.487247, 115.607600
10.576136, 115.937000
10.665634, 116.266400
10.755745, 116.595800
10.846472, 116.925200
10.937819, 117.254600
11.029790, 117.584000
11.122388, 117.913400
11.215616, 118.242800
11.309479, 118.572200
11.403980, 118.901600
11.499122, 119.231000
11.594910, 119.560400
11.691347, 119.889800
11.788436, 120.219200
11.886182, 120.548600
11.984588, 120.878000
12.083658, 121.207400
12.183396, 121.536800
12.283806, 121.866200
12.384891, 122.195600
12.486655, 122.525000
12.589102, 122.854400
12.692237, 123.183800
12.796062, 123.513200
12.900583, 123.842600
13.005780, 124.172000
13.111635, 124.501400
13.218151, 124.830800
13.325330, 125.160200
13.433177, 125.489600
13.541695, 125.819000
13.650887, 126.148400
13.760756, 126.477800
13.871306, 126.807200
13.982540, 127.136600
14.094462, 127.466000
14.207075, 127.795400
14.320381, 128.124800
14.434386, 128.454200
14.549092, 128.783600
14.664502, 129.113000
14.780621, 129.442400
14.897451, 129.771800
15.014996, 130.101200
15.133260, 130.430600
15.252246, 130.760000
15.371959, 131.089400
15.492400, 131.418800
15.613575, 131.748200
15.735486, 132.077600
15.858137, 132.407000
15.981532, 132.736400
16.105675, 133.065800
16.230569, 133.395200
16.356217, 133.724600
16.482625, 134.054000
16.609795, 134.383400
16.737730, 134.712800
16.866436, 135.042200
16.995916, 135.371600
17.126172, 135.701000
17.257211, 136.030400
17.389034, 136.359800
17.521646, 136.689200
17.655051, 137.018600
17.789253, 137.348000
17.924255, 137.677400
18.060063, 138.006800
18.196678, 138.336200
18.334118, 138.665600
18.472414, 138.995000
18.611572, 139.324400
18.751596, 139.653800
18.892491, 139.983200
19.034261, 140.312600
19.176911, 140.642000
19.320447, 140.971400
19.464871, 141.300800
19.610191, 141.630200
19.756409, 141.959600
19.903531, 142.289000
20.051563, 142.618400
20.200508, 142.947800
20.350372, 143.277200
20.501159, 143.606600
20.652876, 143.936000
20.805525, 144.265400
20.959114, 144.594800
21.113646, 144.924200
21.269126, 145.253600
21.425561, 145.583000
21.582954, 145.912400
21.741311, 146.241800
21.900638, 146.571200
22.060939, 146.900600
22.222219, 147.230000
22.384485, 147.559400
22.547741, 147.888800
22.711992, 148.218200
22.877244, 148.547600
23.043502, 148.877000
23.210771, 149.206400
23.379058, 149.535800
23.548367, 149.865200
23.718704, 150.194600
23.890074, 150.524000
24.062483, 150.853400
24.235936, 151.182800
24.410440, 151.512200
24.585999, 151.841600
24.762619, 152.171000
24.940307, 152.500400
25.119067, 152.829800
25.298905, 153.159200
25.479828, 153.488600
25.661840, 153.818000
25.844949, 154.147400
26.029158, 154.476800
26.214476, 154.806200
26.400907, 155.135600
26.588457, 155.465000
26.777132, 155.794400
26.966939, 156.123800
27.157880, 156.453200
27.349902, 156.782600
27.543009, 157.112000
27.737208, 157.441400
27.932503, 157.770800
28.128900, 158.100200
28.326404, 158.429600
28.525020, 158.759000
28.724754, 159.088400
28.925611, 159.417800
29.127597, 159.747200
29.330716, 160.076600
29.534975, 160.406000
29.740378, 160.735400
29.946932, 161.064800
30.154642, 161.394200
30.363513, 161.723600
30.573551, 162.053000
30.784761, 162.382400
30.997150, 162.711800
31.210723, 163.041200
31.425486, 163.370600
31.641443, 163.700000
31.858602, 164.029400
32.076968, 164.358800
32.296546, 164.688200
32.517343, 165.017600
32.739365, 165.347000
32.962616, 165.676400
33.187104, 166.005800
33.412833, 166.335200
33.639811, 166.664600
33.868043, 166.994000
34.097535, 167.323400
34.328293, 167.652800
34.560323, 167.982200
34.793632, 168.311600
35.028225, 168.641000
35.264109, 168.970400
35.501290, 169.299800
35.739774, 169.629200
35.979567, 169.958600
36.220676, 170.288000
36.463107, 170.617400
36.706867, 170.946800
36.951961, 171.276200
37.198397, 171.605600
37.446180, 171.935000
37.695317, 172.264400
37.945815, 172.593800
38.197680, 172.923200
38.450919, 173.252600
38.705538, 173.582000
38.961544, 173.911400
39.218944, 174.240800
39.477745, 174.570200
39.737952, 174.899600
39.999573, 175.229000
40.262615, 175.558400
40.527085, 175.887800
40.792989, 176.217200
41.060372, 176.546600
41.329260, 176.876000
41.599661, 177.205400
41.871583, 177.534800
42.145033, 177.864200
42.420019, 178.193600
42.696550, 178.523000
42.974632, 178.852400
43.254275, 179.181800
43.535486, 179.511200
43.818273, 179.840600
44.102644, 180.170000
44.388607, 180.499400
44.676172, 180.828800
44.965344, 181.158200
45.256134, 181.487600
45.548549, 181.817000
45.842598, 182.146400
46.138289, 182.475800
46.435630, 182.805200
46.734631, 183.134600
47.035298, 183.464000
47.337642, 183.793400
47.641670, 184.122800
47.947392, 184.452200
48.254816, 184.781600
48.563950, 185.111000
48.874804, 185.440400
49.187386, 185.769800
49.501705, 186.099200
49.817771, 186.428600
50.135592, 186.758000
50.455176, 187.087400
50.776534, 187.416800
51.099674, 187.746200
51.424606, 188.075600
51.751338, 188.405000
52.079880, 188.734400
52.410241, 189.063800
52.742431, 189.393200
53.076459, 189.722600
53.412334, 190.052000
53.750065, 190.381400
54.089663, 190.710800
54.431138, 191.040200
54.774497, 191.369600
55.119752, 191.699000
55.466912, 192.028400
55.815987, 192.357800
56.166987, 192.687200
56.519921, 193.016600
56.874799, 193.346000
57.231632, 193.675400
57.590430, 194.004800
57.951202, 194.334200
58.313958, 194.663600
58.678710, 194.993000
59.045467, 195.322400
59.414240, 195.651800
59.785038, 195.981200
60.157873, 196.310600
60.532754, 196.640000
60.909693, 196.969400
61.288700, 197.298800
61.669785, 197.628200
62.052959, 197.957600
62.438233, 198.287000
62.825618, 198.616400
63.215125, 198.945800
63.606764, 199.275200
64.000546, 199.604600
64.396483, 199.934000
64.794586, 200.263400
65.194865, 200.592800
65.597332, 200.922200
66.001998, 201.251600
66.408875, 201.581000
66.817973, 201.910400
67.229305, 202.239800
67.642882, 202.569200
68.058646, 202.898600
68.476588, 203.228000
68.896719, 203.557400
69.319049, 203.886800
69.743590, 204.216200
70.170351, 204.545600
70.599344, 204.875000
71.030580, 205.204400
71.464069, 205.533800
71.899822, 205.863200
72.337851, 206.192600
72.778165, 206.522000
73.220777, 206.851400
73.665698, 207.180800
74.112938, 207.510200
74.562509, 207.839600
75.014423, 208.169000
75.468690, 208.498400
75.925322, 208.827800
76.384331, 209.157200
76.845728, 209.486600
77.309524, 209.816000
77.775732, 210.145400
78.244363, 210.474800
78.715428, 210.804200
79.188941, 211.133600
79.664912, 211.463000
80.143353, 211.792400
80.624277, 212.121800
81.107695, 212.451200
81.593620, 212.780600
82.082064, 213.110000
82.573039, 213.439400
83.066557, 213.768800
83.562632, 214.098200
84.061274, 214.427600
84.562497, 214.757000
85.066313, 215.086400
85.572736, 215.415800
86.081776, 215.745200
86.593449, 216.074600
87.107765, 216.404000
87.624738, 216.733400
88.144381, 217.062800
88.666707, 217.392200
89.191729, 217.721600
89.719460, 218.051000
90.249913, 218.380400
90.783102, 218.709800
91.319040, 219.039200
91.857740, 219.368600
92.399216, 219.698000
92.943481, 220.027400
93.490549, 220.356800
94.040433, 220.686200
94.593148, 221.015600
95.148707, 221.345000
95.707123, 221.674400
96.268412, 222.003800
96.832586, 222.333200
97.399660, 222.662600
97.969648, 222.992000
98.542565, 223.321400
99.118424, 223.650800
99.697240, 223.980200
100.279027, 224.309600
100.863801, 224.639000
101.451574, 224.968400
102.042363, 225.297800
102.636182, 225.627200
103.233045, 225.956600
103.832967, 226.286000
104.435964, 226.615400
105.042051, 226.944800
105.651242, 227.274200
106.263552, 227.603600
106.878998, 227.933000
107.497593, 228.262400
108.119355, 228.591800
108.744297, 228.921200
109.372436, 229.250600
110.003787, 229.580000
110.638367, 229.909400
111.276190, 230.238800
111.917272, 230.568200
112.561630, 230.897600
113.209280, 231.227000
113.860237, 231.556400
114.514519, 231.885800
115.172140, 232.215200
115.833118, 232.544600
116.497469, 232.874000
117.165209, 233.203400
117.836355, 233.532800
118.510923, 233.862200
119.188931, 234.191600
119.870396, 234.521000
120.555333, 234.850400
121.243761, 235.179800
121.935696, 235.509200
122.631155, 235.838600
123.330156, 236.168000
124.032748, 236.497400
124.738998, 236.826800
125.448924, 237.156200
126.162543, 237.485600
126.879876, 237.815000
127.600941, 238.144400
128.325756, 238.473800
129.054340, 238.803200
129.786713, 239.132600
130.522893, 239.462000
131.262901, 239.791400
132.006754, 240.120800
132.754473, 240.450200
133.506077, 240.779600
134.261586, 241.109000
135.021020, 241.438400
135.784397, 241.767800
136.551739, 242.097200
137.323065, 242.426600
138.098395, 242.756000
138.877750, 243.085400
139.661150, 243.414800
140.448615, 243.744200
141.240166, 244.073600
142.035824, 244.403000
142.835608, 244.732400
143.639541, 245.061800
144.447644, 245.391200
145.259936, 245.720600
146.076440, 246.050000
146.897176, 246.379400
147.722166, 246.708800
148.551432, 247.038200
149.384995, 247.367600
150.222878, 247.697000
151.065100, 248.026400
151.911686, 248.355800
152.762656, 248.685200
153.618034, 249.014600
154.477840, 249.344000
155.342098, 249.673400
156.210831, 250.002800
157.084060, 250.332200
157.961809, 250.661600
158.844100, 250.991000
159.730956, 251.320400
160.622401, 251.649800
161.518458, 251.979200
162.419150, 252.308600
163.324501, 252.638000
164.234533, 252.967400
165.149271, 253.296800
166.068739, 253.626200
166.992961, 253.955600
167.921960, 254.285000
168.855761, 254.614400
169.794388, 254.943800
170.737866, 255.273200
171.686219, 255.602600
172.639472, 255.932000
173.597649, 256.261400
174.560776, 256.590800
175.528878, 256.920200
176.501979, 257.249600
177.480106, 257.579000
178.463283, 257.908400
179.451537, 258.237800
180.444892, 258.567200
181.443376, 258.896600
182.447013, 259.226000
183.455830, 259.555400
184.469853, 259.884800
185.489108, 260.214200
186.513623, 260.543600
187.543423, 260.873000
188.578536, 261.202400
189.618988, 261.531800
190.664806, 261.861200
191.716019, 262.190600
192.772652, 262.520000
193.834734, 262.849400
194.902292, 263.178800
195.975353, 263.508200
197.053947, 263.837600
198.138100, 264.167000
199.227842, 264.496400
200.323200, 264.825800
201.424202, 265.155200
202.530878, 265.484600
203.643257, 265.814000
204.761366, 266.143400
205.885236, 266.472800
207.014895, 266.802200
208.150373, 267.131600
209.291700, 267.461000
210.438904, 267.790400
211.592017, 268.119800
212.751067, 268.449200
213.916085, 268.778600
215.087101, 269.108000
216.264146, 269.437400
217.447250, 269.766800
218.636445, 270.096200
219.831760, 270.425600
221.033227, 270.755000
222.240877, 271.084400
223.454742, 271.413800
224.674853, 271.743200
225.901242, 272.072600
227.133941, 272.402000
228.372981, 272.731400
229.618395, 273.060800
230.870216, 273.390200
232.128475, 273.719600
233.393206, 274.049000
234.664441, 274.378400
235.942214, 274.707800
237.226557, 275.037200
238.517505, 275.366600
239.815090, 275.696000
241.119346, 276.025400
242.430307, 276.354800
243.748007, 276.684200
245.072480, 277.013600
246.403762, 277.343000
247.741886, 277.672400
249.086887, 278.001800
250.438799, 278.331200
251.797660, 278.660600
253.163502, 278.990000
254.536363, 279.319400
255.916277, 279.648800
257.303281, 279.978200
258.697410, 280.307600
260.098700, 280.637000
261.507189, 280.966400
262.922913, 281.295800
264.345908, 281.625200
265.776211, 281.954600
267.213860, 282.284000
268.658891, 282.613400
270.111343, 282.942800
271.571253, 283.272200
273.038659, 283.601600
274.513599, 283.931000
275.996112, 284.260400
277.486235, 284.589800
278.984008, 284.919200
280.489469, 285.248600
282.002658, 285.578000
283.523614, 285.907400
285.052376, 286.236800
286.588985, 286.566200
288.133479, 286.895600
289.685899, 287.225000
291.246285, 287.554400
292.814678, 287.883800
294.391119, 288.213200
295.975648, 288.542600
297.568307, 288.872000
299.169137, 289.201400
300.778179, 289.530800
302.395476, 289.860200
304.021069, 290.189600
305.655000, 290.519000
307.297312, 290.848400
308.948048, 291.177800
310.607250, 291.507200
312.274962, 291.836600
313.951226, 292.166000
315.636086, 292.495400
317.329587, 292.824800
319.031771, 293.154200
320.742683, 293.483600
322.462368, 293.813000
324.190870, 294.142400
325.928234, 294.471800
327.674505, 294.801200
329.429729, 295.130600
331.193950, 295.460000
332.967215, 295.789400
334.749570, 296.118800
336.541061, 296.448200
338.341735, 296.777600
340.151638, 297.107000
341.970817, 297.436400
343.799319, 297.765800
345.637111, 298.095200
347.484193, 298.424600
349.340611, 298.754000
351.206413, 299.083400
353.081646, 299.412800
354.966356, 299.742200
356.860592, 300.071600
358.764400, 300.401000
360.677830, 300.730400
362.600929, 301.059800
364.533746, 301.389200
366.476329, 301.718600
368.428728, 302.048000
370.390991, 302.377400
372.363169, 302.706800
374.345310, 303.036200
376.337465, 303.365600
378.339684, 303.695000
380.352017, 304.024400
382.374515, 304.353800
384.407230, 304.683200
386.450212, 305.012600
388.503512, 305.342000
390.567183, 305.671400
392.641277, 306.000800
394.725846, 306.330200
396.820942, 306.659600
398.926618, 306.989000
401.042927, 307.318400
403.169923, 307.647800
405.307659, 307.977200
407.456189, 308.306600
409.615567, 308.636000
411.785848, 308.965400
413.967086, 309.294800
416.159336, 309.624200
418.362654, 309.953600
420.577095, 310.283000
422.802714, 310.612400
425.039569, 310.941800
427.287715, 311.271200
429.547208, 311.600600
431.818107, 311.930000
434.100467, 312.259400
436.394347, 312.588800
438.699805, 312.918200
441.016898, 313.247600
443.345685, 313.577000
445.686224, 313.906400
448.038575, 314.235800
450.402796, 314.565200
452.778948, 314.894600
455.167090, 315.224000
457.567283, 315.553400
459.979586, 315.882800
462.404061, 316.212200
464.840769, 316.541600
467.289771, 316.871000
469.751129, 317.200400
472.224904, 317.529800
474.711160, 317.859200
477.209959, 318.188600
479.721363, 318.518000
482.245436, 318.847400
484.782242, 319.176800
487.331845, 319.506200
489.894309, 319.835600
492.469697, 320.165000
495.058076, 320.494400
497.659511, 320.823800
500.274066, 321.153200
502.901809, 321.482600
505.542804, 321.812000
508.197119, 322.141400
510.864821, 322.470800
513.545976, 322.800200
516.240653, 323.129600
518.948919, 323.459000
521.670842, 323.788400
524.406491, 324.117800
527.155935, 324.447200
529.919243, 324.776600
532.696485, 325.106000
535.487731, 325.435400
538.293050, 325.764800
541.112515, 326.094200
543.946195, 326.423600
546.794162, 326.753000
549.656488, 327.082400
552.533246, 327.411800
555.424506, 327.741200
558.330343, 328.070600
561.250830, 328.400000
564.186039, 328.729400
567.136046, 329.058800
570.100924, 329.388200
573.080748, 329.717600
576.075594, 330.047000
579.085536, 330.376400
582.110650, 330.705800
585.151013, 331.035200
588.206701, 331.364600
591.277791, 331.694000
594.364361, 332.023400
597.466488, 332.352800
600.584251, 332.682200
603.717727, 333.011600
606.866997, 333.341000
610.032139, 333.670400
613.213233, 333.999800
616.410359, 334.329200
619.623597, 334.658600
622.853030, 334.988000
626.098737, 335.317400
629.360801, 335.646800
632.639304, 335.976200
635.934329, 336.305600
639.245958, 336.635000
642.574275, 336.964400
645.919364, 337.293800
649.281309, 337.623200
652.660194, 337.952600
656.056106, 338.282000
659.469129, 338.611400
662.899349, 338.940800
666.346853, 339.270200
669.811728, 339.599600
673.294061, 339.929000
676.793939, 340.258400
680.311452, 340.587800
683.846686, 340.917200
687.399732, 341.246600
690.970680, 341.576000
694.559618, 341.905400
698.166637, 342.234800
701.791829, 342.564200
705.435284, 342.893600
709.097094, 343.223000
712.777353, 343.552400
716.476151, 343.881800
720.193583, 344.211200
723.929741, 344.540600
727.684721, 344.870000
731.458617, 345.199400
735.251524, 345.528800
739.063537, 345.858200
742.894752, 346.187600
746.745267, 346.517000
750.615177, 346.846400
754.504581, 347.175800
758.413576, 347.505200
762.342261, 347.834600
766.290735, 348.164000
770.259097, 348.493400
774.247447, 348.822800
778.255886, 349.152200
782.284514, 349.481600
786.333434, 349.811000
790.402747, 350.140400
794.492555, 350.469800
798.602963, 350.799200
802.734072, 351.128600
806.885988, 351.458000
811.058814, 351.787400
815.252656, 352.116800
819.467621, 352.446200
823.703812, 352.775600
827.961339, 353.105000
832.240307, 353.434400
836.540824, 353.763800
840.863000, 354.093200
845.206942, 354.422600
849.572760, 354.752000
853.960564, 355.081400
858.370465, 355.410800
862.802574, 355.740200
867.257002, 356.069600
871.733861, 356.399000
876.233265, 356.728400
880.755327, 357.057800
885.300160, 357.387200
889.867879, 357.716600
894.458599, 358.046000
899.072436, 358.375400
903.709506, 358.704800
908.369926, 359.034200
913.053813, 359.363600
917.761285, 359.693000
922.492460, 360.022400
927.247459, 360.351800
932.026400, 360.681200
936.829404, 361.010600
941.656593, 361.340000
946.508086, 361.669400
951.384008, 361.998800
956.284481, 362.328200
961.209627, 362.657600
966.159571, 362.987000
971.134439, 363.316400
976.134354, 363.645800
981.159444, 363.975200
986.209834, 364.304600
991.285652, 364.634000
996.387025, 364.963400
1001.514083, 365.292800
1006.666955, 365.622200
1011.845769, 365.951600
1017.050657, 366.281000
1022.281749, 366.610400
1027.539179, 366.939800
1032.823076, 367.269200
1038.133576, 367.598600
1043.470812, 367.928000
1048.834918, 368.257400
1054.226029, 368.586800
1059.644281, 368.916200
1065.089811, 369.245600
1070.562755, 369.575000
1076.063253, 369.904400
1081.591441, 370.233800
1087.147459, 370.563200
1092.731448, 370.892600
1098.343548, 371.222000
1103.983900, 371.551400
1109.652647, 371.880800
1115.349931, 372.210200
1121.075895, 372.539600
1126.830685, 372.869000
1132.614444, 373.198400
1138.427319, 373.527800
1144.269456, 373.857200
1150.141002, 374.186600
1156.042105, 374.516000
1161.972913, 374.845400
1167.933577, 375.174800
1173.924246, 375.504200
1179.945071, 375.833600
1185.996204, 376.163000
1192.077797, 376.492400
1198.190003, 376.821800
1204.332977, 377.151200
1210.506872, 377.480600
1216.711846, 377.810000
1222.948053, 378.139400
1229.215650, 378.468800
1235.514797, 378.798200
1241.845651, 379.127600
1248.208372, 379.457000
1254.603121, 379.786400
1261.030057, 380.115800
1267.489344, 380.445200
1273.981143, 380.774600
1280.505619, 381.104000
1287.062935, 381.433400
1293.653258, 381.762800
1300.276752, 382.092200
1306.933585, 382.421600
1313.623924, 382.751000
1320.347938, 383.080400
1327.105796, 383.409800
1333.897669, 383.739200
1340.723727, 384.068600
1347.584143, 384.398000
1354.479089, 384.727400
1361.408739, 385.056800
1368.373267, 385.386200
1375.372850, 385.715600
1382.407662, 386.045000
1389.477882, 386.374400
1396.583688, 386.703800
1403.725257, 387.033200
1410.902772, 387.362600
1418.116411, 387.692000
1425.366357, 388.021400
1432.652793, 388.350800
1439.975902, 388.680200
1447.335868, 389.009600
1454.732877, 389.339000
1462.167115, 389.668400
1469.638769, 389.997800
1477.148028, 390.327200
1484.695081, 390.656600
1492.280117, 390.986000
1499.903329, 391.315400
1507.564907, 391.644800
1515.265045, 391.974200
1523.003937, 392.303600
1530.781778, 392.633000
1538.598763, 392.962400
1546.455090, 393.291800
1554.350957, 393.621200
1562.286561, 393.950600
1570.262104, 394.280000
1578.277786, 394.609400
1586.333809, 394.938800
1594.430376, 395.268200
1602.567690, 395.597600
1610.745958, 395.927000
1618.965384, 396.256400
1627.226176, 396.585800
1635.528542, 396.915200
1643.872691, 397.244600
1652.258833, 397.574000
1660.687179, 397.903400
1669.157942, 398.232800
1677.671335, 398.562200
1686.227573, 398.891600
1694.826871, 399.221000
1703.469445, 399.550400
1712.155514, 399.879800
1720.885295, 400.209200
1729.659010, 400.538600
1738.476879, 400.868000
1747.339123, 401.197400
1756.245967, 401.526800
1765.197635, 401.856200
1774.194351, 402.185600
1783.236343, 402.515000
1792.323839, 402.844400
1801.457067, 403.173800
1810.636258, 403.503200
1819.861642, 403.832600
1829.133452, 404.162000
1838.451921, 404.491400
1847.817285, 404.820800
1857.229779, 405.150200
1866.689640, 405.479600
1876.197106, 405.809000
1885.752418, 406.138400
1895.355815, 406.467800
1905.007539, 406.797200
1914.707834, 407.126600
1924.456944, 407.456000
1934.255115, 407.785400
1944.102593, 408.114800
1953.999626, 408.444200
1963.946463, 408.773600
1973.943356, 409.103000
1983.990556, 409.432400
1994.088316, 409.761800
2004.236890, 410.091200
2014.436534, 410.420600
2024.687505, 410.750000
2034.990061, 411.079400
2045.344461, 411.408800
2055.750967, 411.738200
2066.209841, 412.067600
2076.721345, 412.397000
2087.285745, 412.726400
2097.903307, 413.055800
2108.574298, 413.385200
2119.298987, 413.714600
2130.077644, 414.044000
2140.910541, 414.373400
2151.797950, 414.702800
2162.740146, 415.032200
2173.737405, 415.361600
2184.790002, 415.691000
2195.898217, 416.020400
2207.062330, 416.349800
2218.282622, 416.679200
2229.559374, 417.008600
2240.892872, 417.338000
2252.283401, 417.667400
2263.731248, 417.996800
2275.236701, 418.326200
2286.800049, 418.655600
2298.421585, 418.985000
2310.101600, 419.314400
2321.840389, 419.643800
2333.638248, 419.973200
2345.495474, 420.302600
2357.412366, 420.632000
2369.389223, 420.961400
2381.426347, 421.290800
2393.524042, 421.620200
2405.682612, 421.949600
2417.902364, 422.279000
2430.183605, 422.608400
2442.526644, 422.937800
2454.931793, 423.267200
2467.399364, 423.596600
2479.929671, 423.926000
2492.523030, 424.255400
2505.179757, 424.584800
2517.900172, 424.914200
2530.684595, 425.243600
2543.533348, 425.573000
2556.446755, 425.902400
2569.425140, 426.231800
2582.468831, 426.561200
2595.578157, 426.890600
2608.753447, 427.220000
2621.995033, 427.549400
2635.303249, 427.878800
2648.678431, 428.208200
2662.120914, 428.537600
2675.631038, 428.867000
2689.209143, 429.196400
2702.855571, 429.525800
2716.570665, 429.855200
2730.354771, 430.184600
2744.208237, 430.514000
2758.131411, 430.843400
2772.124643, 431.172800
2786.188287, 431.502200
2800.322696, 431.831600
2814.528227, 432.161000
2828.805238, 432.490400
2843.154087, 432.819800
2857.575137, 433.149200
2872.068750, 433.478600
2886.635292, 433.808000
2901.275130, 434.137400
2915.988631, 434.466800
2930.776168, 434.796200
2945.638112, 435.125600
2960.574838, 435.455000
2975.586722, 435.784400
2990.674142, 436.113800
3005.837478, 436.443200
3021.077112, 436.772600
3036.393428, 437.102000
3051.786811, 437.431400
3067.257650, 437.760800
3082.806334, 438.090200
3098.433254, 438.419600
3114.138805, 438.749000
3129.923382, 439.078400
3145.787382, 439.407800
3161.731205, 439.737200
3177.755253, 440.066600
3193.859929, 440.396000
3210.045638, 440.725400
3226.312790, 441.054800
3242.661792, 441.384200
3259.093058, 441.713600
3275.607000, 442.043000
3292.204036, 442.372400
3308.884582, 442.701800
3325.649059, 443.031200
3342.497890, 443.360600
3359.431499, 443.690000
3376.450311, 444.019400
3393.554757, 444.348800
3410.745266, 444.678200
3428.022272, 445.007600
3445.386209, 445.337000
3462.837516, 445.666400
3480.376632, 445.995800
3498.003998, 446.325200
3515.720059, 446.654600
3533.525261, 446.984000
3551.420051, 447.313400
3569.404882, 447.642800
3587.480206, 447.972200
3605.646478, 448.301600
3623.904155, 448.631000
3642.253699, 448.960400
3660.695570, 449.289800
3679.230233, 449.619200
3697.858156, 449.948600
3716.579807, 450.278000
3735.395658, 450.607400
3754.306183, 450.936800
3773.311858, 451.266200
3792.413162, 451.595600
3811.610577, 451.925000
3830.904584, 452.254400
3850.295671, 452.583800
3869.784326, 452.913200
3889.371040, 453.242600
3909.056306, 453.572000
3928.840620, 453.901400
3948.724481, 454.230800
3968.708388, 454.560200
3988.792846, 454.889600
4008.978360, 455.219000
4029.265439, 455.548400
4049.654594, 455.877800
4070.146338, 456.207200
4090.741188, 456.536600
4111.439662, 456.866000
4132.242281, 457.195400
4153.149570, 457.524800
4174.162055, 457.854200
4195.280265, 458.183600
4216.504733, 458.513000
4237.835992, 458.842400
4259.274581, 459.171800
4280.821039, 459.501200
4302.475909, 459.830600
4324.239736, 460.160000
4346.113068, 460.489400
4368.096457, 460.818800
4390.190456, 461.148200
4412.395622, 461.477600
4434.712513, 461.807000
4457.141693, 462.136400
4479.683725, 462.465800
4502.339179, 462.795200
4525.108623, 463.124600
4547.992633, 463.454000
4570.991784, 463.783400
4594.106655, 464.112800
4617.337830, 464.442200
4640.685892, 464.771600
4664.151430, 465.101000
4687.735035, 465.430400
4711.437302, 465.759800
4735.258826, 466.089200
4759.200209, 466.418600
4783.262052, 466.748000
4807.444963, 467.077400
4831.749550, 467.406800
4856.176426, 467.736200
4880.726205, 468.065600
4905.399506, 468.395000
4930.196951, 468.724400
4955.119164, 469.053800
4980.166773, 469.383200
5005.340408, 469.712600
5030.640705, 470.042000
5056.068299, 470.371400
5081.623832, 470.700800
5107.307947, 471.030200
5133.121292, 471.359600
5159.064515, 471.689000
5185.138272, 472.018400
5211.343217, 472.347800
5237.680013, 472.677200
5264.149321, 473.006600
5290.751809, 473.336000
5317.488146, 473.665400
5344.359007, 473.994800
5371.365068, 474.324200
5398.507008, 474.653600
5425.785512, 474.983000
5453.201268, 475.312400
5480.754964, 475.641800
5508.447296, 475.971200
5536.278961, 476.300600
5564.250660, 476.630000
5592.363097, 476.959400
5620.616980, 477.288800
5649.013022, 477.618200
5677.551937, 477.947600
5706.234445, 478.277000
5735.061267, 478.606400
5764.033130, 478.935800
5793.150763, 479.265200
5822.414901, 479.594600
5851.826279, 479.924000
5881.385639, 480.253400
5911.093726, 480.582800
5940.951287, 480.912200
5970.959074, 481.241600
6001.117844, 481.571000
6031.428357, 481.900400
6061.891374, 482.229800
6092.507665, 482.559200
6123.278000, 482.888600
6154.203153, 483.218000
6185.283905, 483.547400
6216.521037, 483.876800
6247.915337, 484.206200
6279.467596, 484.535600
6311.178607, 484.865000
6343.049170, 485.194400
6375.080088, 485.523800
6407.272167, 485.853200
6439.626219, 486.182600
6472.143057, 486.512000
6504.823501, 486.841400
6537.668375, 487.170800
6570.678505, 487.500200
6603.854724, 487.829600
6637.197866, 488.159000
6670.708771, 488.488400
6704.388284, 488.817800
6738.237253, 489.147200
6772.256530, 489.476600
6806.446972, 489.806000
6840.809441, 490.135400
6875.344802, 490.464800
6910.053924, 490.794200
6944.937683, 491.123600
6979.996956, 491.453000
7015.232627, 491.782400
7050.645584, 492.111800
7086.236717, 492.441200
7122.006925, 492.770600
7157.957107, 493.100000
7194.088169, 493.429400
7230.401021, 493.758800
7266.896578, 494.088200
7303.575759, 494.417600
7340.439489, 494.747000
7377.488694, 495.076400
7414.724309, 495.405800
7452.147272, 495.735200
7489.758525, 496.064600
7527.559016, 496.394000
7565.549695, 496.723400
7603.731522, 497.052800
7642.105456, 497.382200
7680.672466, 497.711600
7719.433521, 498.041000
7758.389599, 498.370400
7797.541680, 498.699800
7836.890752, 499.029200
7876.437804, 499.358600
7916.183833, 499.688000
7956.129840, 500.017400
7996.276831, 500.346800
8036.625818, 500.676200
8077.177817, 501.005600
8117.933849, 501.335000
8158.894940, 501.664400
8200.062123, 501.993800
8241.436435, 502.323200
8283.018916, 502.652600
8324.810616, 502.982000
8366.812586, 503.311400
8409.025884, 503.640800
8451.451574, 503.970200
8494.090725, 504.299600
8536.944409, 504.629000
8580.013707, 504.958400
8623.299704, 505.287800
8666.803489, 505.617200
8710.526158, 505.946600
8754.468814, 506.276000
8798.632562, 506.605400
8843.018514, 506.934800
8887.627790, 507.264200
8932.461512, 507.593600
8977.520810, 507.923000
9022.806818, 508.252400
9068.320678, 508.581800
9114.063536, 508.911200
9160.036543, 509.240600
9206.240859, 509.570000
9252.677645, 509.899400
9299.348073, 510.228800
9346.253318, 510.558200
9393.394561, 510.887600
9440.772990, 511.217000
9488.389797, 511.546400
9536.246183, 511.875800
9584.343353, 512.205200
9632.682517, 512.534600
9681.264894, 512.864000
9730.091708, 513.193400
9779.164187, 513.522800
9828.483569, 513.852200
9878.051096, 514.181600
9927.868015, 514.511000
9977.935582, 514.840400
10028.255057, 515.169800
10078.827709, 515.499200
10129.654811, 515.828600
10180.737643, 516.158000
10232.077492, 516.487400
10283.675651, 516.816800
10335.533420, 517.146200
10387.652104, 517.475600
10440.033017, 517.805000
10492.677478, 518.134400
10545.586813, 518.463800
10598.762354, 518.793200
10652.205441, 519.122600
10705.917421, 519.452000
10759.899645, 519.781400
10814.153474, 520.110800
10868.680274, 520.440200
10923.481418, 520.769600
10978.558288, 521.099000
11033.912269, 521.428400
11089.544757, 521.757800
11145.457152, 522.087200
11201.650864, 522.416600
11258.127306, 522.746000
11314.887902, 523.075400
11371.934082, 523.404800
11429.267282, 523.734200
11486.888947, 524.063600
11544.800527, 524.393000
11603.003481, 524.722400
11661.499276, 525.051800
11720.289385, 525.381200
11779.375288, 525.710600
11838.758475, 526.040000
11898.440439, 526.369400
11958.422686, 526.698800
12018.706725, 527.028200
12079.294074, 527.357600
12140.186261, 527.687000
12201.384819, 528.016400
12262.891289, 528.345800
12324.707220, 528.675200
12386.834170, 529.004600
12449.273703, 529.334000
12512.027392, 529.663400
12575.096818, 529.992800
12638.483569, 530.322200
12702.189241, 530.651600
12766.215440, 530.981000
12830.563777, 531.310400
12895.235875, 531.639800
12960.233361, 531.969200
13025.557873, 532.298600
13091.211056, 532.628000
13157.194564, 532.957400
13223.510058, 533.286800
13290.159210, 533.616200
13357.143698, 533.945600
13424.465209, 534.275000
13492.125438, 534.604400
13560.126091, 534.933800
13628.468879, 535.263200
13697.155524, 535.592600
13766.187757, 535.922000
13835.567315, 536.251400
13905.295947, 536.580800
13975.375408, 536.910200
14045.807464, 537.239600
14116.593890, 537.569000
14187.736467, 537.898400
14259.236987, 538.227800
14331.097253, 538.557200
14403.319073, 538.886600
14475.904267, 539.216000
14548.854662, 539.545400
14622.172097, 539.874800
14695.858419, 540.204200
14769.915482, 540.533600
14844.345153, 540.863000
14919.149306, 541.192400
14994.329826, 541.521800
15069.888605, 541.851200
15145.827547, 542.180600
15222.148565, 542.510000
15298.853582, 542.839400
15375.944528, 543.168800
15453.423346, 543.498200
15531.291988, 543.827600
15609.552414, 544.157000
15688.206597, 544.486400
15767.256516, 544.815800
15846.704164, 545.145200
15926.551540, 545.474600
16006.800657, 545.804000
16087.453536, 546.133400
16168.512208, 546.462800
16249.978715, 546.792200
16331.855108, 547.121600
16414.143451, 547.451000
16496.845815, 547.780400
16579.964283, 548.109800
16663.500951, 548.439200
16747.457920, 548.768600
16831.837307, 549.098000
16916.641236, 549.427400
17001.871843, 549.756800
17087.531276, 550.086200
17173.621691, 550.415600
17260.145258, 550.745000
17347.104155, 551.074400
17434.500572, 551.403800
17522.336712, 551.733200
17610.614786, 552.062600
17699.337018, 552.392000
17788.505643, 552.721400
17878.122906, 553.050800
17968.191066, 553.380200
18058.712389, 553.709600
18149.689158, 554.039000
18241.123662, 554.368400
18333.018205, 554.697800
18425.375102, 555.027200
18518.196678, 555.356600
18611.485273, 555.686000
18705.243235, 556.015400
18799.472926, 556.344800
18894.176719, 556.674200
18989.357001, 557.003600
19085.016167, 557.333000
19181.156629, 557.662400
19277.780806, 557.991800
19374.891134, 558.321200
19472.490057, 558.650600
19570.580035, 558.980000
19669.163537, 559.309400
19768.243047, 559.638800
19867.821061, 559.968200
19967.900087, 560.297600
20068.482645, 560.627000
20169.571269, 560.956400
20271.168505, 561.285800
20373.276912, 561.615200
20475.899061, 561.944600
20579.037539, 562.274000
20682.694942, 562.603400
20786.873882, 562.932800
20891.576982, 563.262200
20996.806879, 563.591600
21102.566225, 563.921000
21208.857683, 564.250400
21315.683930, 564.579800
21423.047656, 564.909200
21530.951568, 565.238600
21639.398381, 565.568000
21748.390827, 565.897400
21857.931652, 566.226800
21968.023616, 566.556200
22078.669490, 566.885600
22189.872061, 567.215000
22301.634132, 567.544400
22413.958516, 567.873800
22526.848043, 568.203200
22640.305556, 568.532600
22754.333913, 568.862000
22868.935987, 569.191400
22984.114663, 569.520800
23099.872842, 569.850200
23216.213442, 570.179600
23333.139391, 570.509000
23450.653634, 570.838400
23568.759133, 571.167800
23687.458861, 571.497200
23806.755809, 571.826600
23926.652980, 572.156000
24047.153396, 572.485400
24168.260091, 572.814800
24289.976115, 573.144200
24412.304535, 573.473600
24535.248431, 573.803000
24658.810901, 574.132400
24782.995056, 574.461800
24907.804024, 574.791200
25033.240949, 575.120600
25159.308991, 575.450000
25286.011324, 575.779400
25413.351140, 576.108800
25541.331647, 576.438200
25669.956068, 576.767600
25799.227643, 577.097000
25929.149627, 577.426400
26059.725294, 577.755800
26190.957932, 578.085200
26322.850846, 578.414600
26455.407359, 578.744000
26588.630810, 579.073400
26722.524553, 579.402800
26857.091962, 579.732200
26992.336426, 580.061600
27128.261351, 580.391000
27264.870162, 580.720400
27402.166298, 581.049800
27540.153218, 581.379200
27678.834398, 581.708600
27818.213331, 582.038000
27958.293526, 582.367400
28099.078514, 582.696800
28240.571839, 583.026200
28382.777065, 583.355600
28525.697775, 583.685000
28669.337568, 584.014400
28813.700063, 584.343800
28958.788894, 584.673200
29104.607717, 585.002600
29251.160205, 585.332000
29398.450048, 585.661400
29546.480958, 585.990800
29695.256661, 586.320200
29844.780906, 586.649600
29995.057459, 586.979000
30146.090105, 587.308400
30297.882648, 587.637800
30450.438911, 587.967200
30603.762737, 588.296600
30757.857988, 588.626000
30912.728544, 588.955400
31068.378308, 589.284800
31224.811199, 589.614200
31382.031157, 589.943600
31540.042143, 590.273000
31698.848136, 590.602400
31858.453136, 590.931800
32018.861164, 591.261200
32180.076260, 591.590600
32342.102484, 591.920000
32504.943917, 592.249400
32668.604662, 592.578800
32833.088839, 592.908200
32998.400593, 593.237600
33164.544087, 593.567000
33331.523505, 593.896400
33499.343054, 594.225800
33668.006961, 594.555200
33837.519473, 594.884600
34007.884861, 595.214000
34179.107415, 595.543400
34351.191449, 595.872800
34524.141296, 596.202200
34697.961313, 596.531600
34872.655878, 596.861000
35048.229391, 597.190400
35224.686274, 597.519800
35402.030973, 597.849200
35580.267953, 598.178600
35759.401704, 598.508000
35939.436738, 598.837400
36120.377590, 599.166800
36302.228817, 599.496200
36484.995000, 599.825600
36668.680742, 600.155000
36853.290670, 600.484400
37038.829433, 600.813800
37225.301705, 601.143200
37412.712183, 601.472600
37601.065587, 601.802000
37790.366661, 602.131400
37980.620174, 602.460800
38171.830917, 602.790200
38364.003706, 603.119600
38557.143382, 603.449000
38751.254810, 603.778400
38946.342879, 604.107800
39142.412502, 604.437200
39339.468619, 604.766600
39537.516192, 605.096000
39736.560210, 605.425400
39936.605686, 605.754800
40137.657660, 606.084200
40339.721194, 606.413600
40542.801379, 606.743000
40746.903330, 607.072400
40952.032187, 607.401800
41158.193117, 607.731200
41365.391313, 608.060600
41573.631994, 608.390000
41782.920405, 608.719400
41993.261817, 609.048800
42204.661529, 609.378200
42417.124864, 609.707600
42630.657175, 610.037000
42845.263840, 610.366400
43060.950264, 610.695800
43277.721880, 611.025200
43495.584148, 611.354600
43714.542555, 611.684000
43934.602617, 612.013400
44155.769875, 612.342800
44378.049902, 612.672200
44601.448295, 613.001600
44825.970681, 613.331000
45051.622716, 613.660400
45278.410083, 613.989800
45506.338495, 614.319200
45735.413692, 614.648600
45965.641444, 614.978000
46197.027551, 615.307400
46429.577840, 615.636800
46663.298169, 615.966200
46898.194424, 616.295600
47134.272522, 616.625000
47371.538410, 616.954400
47609.998062, 617.283800
47849.657487, 617.613200
48090.522720, 617.942600
48332.599827, 618.272000
48575.894907, 618.601400
48820.414088, 618.930800
49066.163527, 619.260200
49313.149416, 619.589600
49561.377975, 619.919000
49810.855456, 620.248400
50061.588143, 620.577800
50313.582351, 620.907200
50566.844428, 621.236600
50821.380753, 621.566000
51077.197737, 621.895400
51334.301822, 622.224800
51592.699486, 622.554200
51852.397237, 622.883600
52113.401615, 623.213000
52375.719195, 623.542400
52639.356584, 623.871800
52904.320423, 624.201200
53170.617384, 624.530600
53438.254176, 624.860000
53707.237540, 625.189400
53977.574250, 625.518800
54249.271117, 625.848200
54522.334983, 626.177600
54796.772726, 626.507000
55072.591258, 626.836400
55349.797527, 627.165800
55628.398516, 627.495200
55908.401240, 627.824600
56189.812754, 628.154000
56472.640144, 628.483400
56756.890535, 628.812800
57042.571087, 629.142200
57329.688994, 629.471600
57618.251489, 629.801000
57908.265840, 630.130400
58199.739352, 630.459800
58492.679367, 630.789200
58787.093261, 631.118600
59082.988453, 631.448000
59380.372393, 631.777400
59679.252574, 632.106800
59979.636522, 632.436200
60281.531803, 632.765600
60584.946023, 633.095000
60889.886822, 633.424400
61196.361882, 633.753800
61504.378922, 634.083200
61813.945701, 634.412600
62125.070015, 634.742000
62437.759702, 635.071400
62752.022636, 635.400800
63067.866734, 635.730200
63385.299951, 636.059600
63704.330282, 636.389000
64024.965764, 636.718400
64347.214471, 637.047800
64671.084521, 637.377200
64996.584071, 637.706600
65323.721320, 638.036000
65652.504507, 638.365400
65982.941915, 638.694800
66315.041865, 639.024200
66648.812723, 639.353600
66984.262895, 639.683000
67321.400831, 640.012400
67660.235022, 640.341800
68000.774004, 640.671200
68343.026352, 641.000600
68687.000689, 641.330000
69032.705676, 641.659400
69380.150024, 641.988800
69729.342481, 642.318200
70080.291845, 642.647600
70433.006953, 642.977000
70787.496692, 643.306400
71143.769988, 643.635800
71501.835817, 643.965200
71861.703196, 644.294600
72223.381190, 644.624000
72586.878908, 644.953400
72952.205508, 645.282800
73319.370189, 645.612200
73688.382200, 645.941600
74059.250836, 646.271000
74431.985438, 646.600400
74806.595395, 646.929800
75183.090141, 647.259200
75561.479160, 647.588600
75941.771983, 647.918000
76323.978187, 648.247400
76708.107401, 648.576800
77094.169300, 648.906200
77482.173607, 649.235600
77872.130095, 649.565000
78264.048586, 649.894400
78657.938953, 650.223800
79053.811115, 650.553200
79451.675045, 650.882600
79851.540763, 651.212000
80253.418342, 651.541400
80657.317902, 651.870800
81063.249619, 652.200200
81471.223715, 652.529600
81881.250468, 652.859000
82293.340205, 653.188400
82707.503304, 653.517800
83123.750199, 653.847200
83542.091373, 654.176600
83962.537364, 654.506000
84385.098761, 654.835400
84809.786207, 655.164800
85236.610401, 655.494200
85665.582091, 655.823600
86096.712084, 656.153000
86530.011238, 656.482400
86965.490467, 656.811800
87403.160739, 657.141200
87843.033080, 657.470600
88285.118567, 657.800000
88729.428336, 658.129400
89175.973578, 658.458800
89624.765541, 658.788200
90075.815529, 659.117600
90529.134902, 659.447000
90984.735078, 659.776400
91442.627534, 660.105800
91902.823802, 660.435200
92365.335473, 660.764600
92830.174197, 661.094000
93297.351683, 661.423400
93766.879697, 661.752800
94238.770066, 662.082200
94713.034675, 662.411600
95189.685470, 662.741000
95668.734457, 663.070400
96150.193702, 663.399800
96634.075332, 663.729200
97120.391534, 664.058600
97609.154558, 664.388000
98100.376715, 664.717400
98594.070376, 665.046800
99090.247978, 665.376200
99588.922018, 665.705600
100090.105056, 666.035000
100593.809716, 666.364400
101100.048684, 666.693800
101608.834713, 667.023200
102120.180617, 667.352600
102634.099275, 667.682000
103150.603632, 668.011400
103669.706698, 668.340800
104191.421547, 668.670200
104715.761321, 668.999600
105242.739226, 669.329000
105772.368535, 669.658400
106304.662589, 669.987800
106839.634795, 670.317200
107377.298627, 670.646600
107917.667629, 670.976000
108460.755410, 671.305400
109006.575649, 671.634800
109555.142096, 671.964200
110106.468566, 672.293600
110660.568947, 672.623000
111217.457194, 672.952400
111777.147335, 673.281800
112339.653467, 673.611200
112904.989758, 673.940600
113473.170447, 674.270000
114044.209846, 674.599400
114618.122338, 674.928800
115194.922379, 675.258200
115774.624495, 675.587600
116357.243290, 675.917000
116942.793437, 676.246400
117531.289686, 676.575800
118122.746858, 676.905200
118717.179853, 677.234600
119314.603641, 677.564000
119915.033270, 677.893400
120518.483865, 678.222800
121124.970624, 678.552200
121734.508824, 678.881600
122347.113817, 679.211000
122962.801033, 679.540400
123581.585980, 679.869800
124203.484245, 680.199200
124828.511490, 680.528600
125456.683459, 680.858000
126088.015974, 681.187400
126722.524937, 681.516800
127360.226330, 681.846200
128001.136214, 682.175600
128645.270734, 682.505000
129292.646112, 682.834400
129943.278655, 683.163800
130597.184752, 683.493200
131254.380871, 683.822600
131914.883567, 684.152000
132578.709476, 684.481400
133245.875318, 684.810800
133916.397897, 685.140200
134590.294103, 685.469600
135267.580909, 685.799000
135948.275375, 686.128400
136632.394645, 686.457800
137319.955950, 686.787200
138010.976610, 687.116600
138705.474029, 687.446000
139403.465700, 687.775400
140104.969204, 688.104800
140810.002209, 688.434200
141518.582474, 688.763600
142230.727847, 689.093000
142946.456265, 689.422400
143665.785754, 689.751800
144388.734435, 690.081200
145115.320515, 690.410600
145845.562295, 690.740000
146579.478170, 691.069400
147317.086624, 691.398800
148058.406236, 691.728200
148803.455679, 692.057600
149552.253718, 692.387000
150304.819213, 692.716400
151061.171120, 693.045800
151821.328490, 693.375200
152585.310470, 693.704600
153353.136302, 694.034000
154124.825325, 694.363400
154900.396978, 694.692800
155679.870794, 695.022200
156463.266408, 695.351600
157250.603550, 695.681000
158041.902052, 696.010400
158837.181845, 696.339800
159636.462960, 696.669200
160439.765529, 696.998600
161247.109786, 697.328000
162058.516065, 697.657400
162874.004804, 697.986800
163693.596543, 698.316200
164517.311926, 698.645600
165345.171701, 698.975000
166177.196718, 699.304400
167013.407935, 699.633800
167853.826414, 699.963200
168698.473323, 700.292600
169547.369937, 700.622000
170400.537638, 700.951400
171257.997914, 701.280800
172119.772364, 701.610200
172985.882693, 701.939600
173856.350716, 702.269000
174731.198359, 702.598400
175610.447657, 702.927800
176494.120755, 703.257200
177382.239913, 703.586600
178274.827499, 703.916000
179171.905996, 704.245400
180073.497998, 704.574800
180979.626216, 704.904200
181890.313471, 705.233600
182805.582703, 705.563000
183725.456964, 705.892400
184649.959424, 706.221800
185579.113370, 706.551200
186512.942204, 706.880600
187451.469447, 707.210000
188394.718738, 707.539400
189342.713837, 707.868800
190295.478619, 708.198200
191253.037085, 708.527600
192215.413351, 708.857000
193182.631658, 709.186400
194154.716369, 709.515800
195131.691967, 709.845200
196113.583060, 710.174600
197100.414380, 710.504000
198092.210783, 710.833400
199088.997249, 711.162800
200090.798886, 711.492200
201097.640926, 711.821600
202109.548730, 712.151000
203126.547785, 712.480400
204148.663706, 712.809800
205175.922239, 713.139200
206208.349258, 713.468600
207245.970767, 713.798000
208288.812901, 714.127400
209336.901927, 714.456800
210390.264244, 714.786200
211448.926384, 715.115600
212512.915012, 715.445000
213582.256927, 715.774400
214656.979064, 716.103800
215737.108491, 716.433200
216822.672416, 716.762600
217913.698181, 717.092000
219010.213266, 717.421400
220112.245290, 717.750800
221219.822010, 718.080200
222332.971324, 718.409600
223451.721269, 718.739000
224576.100025, 719.068400
225706.135910, 719.397800
226841.857390, 719.727200
227983.293068, 720.056600
229130.471696, 720.386000
230283.422169, 720.715400
231442.173526, 721.044800
232606.754954, 721.374200
233777.195785, 721.703600
234953.525501, 722.033000
236135.773730, 722.362400
237323.970250, 722.691800
238518.144989, 723.021200
239718.328027, 723.350600
240924.549591, 723.680000
242136.840065, 724.009400
243355.229983, 724.338800
244579.750034, 724.668200
245810.431060, 724.997600
247047.304059, 725.327000
248290.400185, 725.656400
249539.750748, 725.985800
250795.387218, 726.315200
252057.341220, 726.644600
253325.644540, 726.974000
254600.329124, 727.303400
255881.427078, 727.632800
257168.970669, 727.962200
258462.992329, 728.291600
259763.524650, 728.621000
261070.600389, 728.950400
262384.252470, 729.279800
263704.513979, 729.609200
265031.418171, 729.938600
266364.998467, 730.268000
267705.288458, 730.597400
269052.321902, 730.926800
270406.132727, 731.256200
271766.755033, 731.585600
273134.223091, 731.915000
274508.571344, 732.244400
275889.834408, 732.573800
277278.047075, 732.903200
278673.244310, 733.232600
280075.461256, 733.562000
281484.733229, 733.891400
282901.095727, 734.220800
284324.584425, 734.550200
285755.235177, 734.879600
287193.084017, 735.209000
288638.167162, 735.538400
290090.521009, 735.867800
291550.182141, 736.197200
293017.187323, 736.526600
294491.573504, 736.856000
295973.377822, 737.185400
297462.637599, 737.514800
298959.390347, 737.844200
300463.673764, 738.173600
301975.525742, 738.503000
303494.984358, 738.832400
305022.087886, 739.161800
306556.874789, 739.491200
308099.383725, 739.820600
309649.653545, 740.150000
311207.723298, 740.479400
312773.632228, 740.808800
314347.419777, 741.138200
315929.125583, 741.467600
317518.789487, 741.797000
319116.451529, 742.126400
320722.151950, 742.455800
322335.931194, 742.785200
323957.829907, 743.114600
325587.888943, 743.444000
327226.149357, 743.773400
328872.652415, 744.102800
330527.439587, 744.432200
332190.552554, 744.761600
333862.033206, 745.091000
335541.923643, 745.420400
337230.266178, 745.749800
338927.103336, 746.079200
340632.477857, 746.408600
342346.432695, 746.738000
344069.011020, 747.067400
345800.256220, 747.396800
347540.211901, 747.726200
349288.921888, 748.055600
351046.430228, 748.385000
352812.781188, 748.714400
354588.019257, 749.043800
356372.189151, 749.373200
358165.335808, 749.702600
359967.504393, 750.032000
361778.740299, 750.361400
363599.089146, 750.690800
365428.596784, 751.020200
367267.309296, 751.349600
369115.272993, 751.679000
370972.534421, 752.008400
372839.140360, 752.337800
374715.137827, 752.667200
376600.574072, 752.996600
378495.496585, 753.326000
380399.953096, 753.655400
382313.991572, 753.984800
384237.660224, 754.314200
386171.007505, 754.643600
388114.082111, 754.973000
390066.932983, 755.302400
392029.609310, 755.631800
394002.160526, 755.961200
395984.636315, 756.290600
397977.086612, 756.620000
399979.561601, 756.949400
401992.111720, 757.278800
404014.787660, 757.608200
406047.640368, 757.937600
408090.721047, 758.267000
410144.081157, 758.596400
412207.772417, 758.925800
414281.846806, 759.255200
416366.356567, 759.584600
418461.354202, 759.914000
420566.892480, 760.243400
422683.024434, 760.572800
424809.803365, 760.902200
426947.282841, 761.231600
429095.516700, 761.561000
431254.559052, 761.890400
433424.464277, 762.219800
435605.287030, 762.549200
437797.082241, 762.878600
439999.905116, 763.208000
442213.811139, 763.537400
444438.856074, 763.866800
446675.095963, 764.196200
448922.587132, 764.525600
451181.386191, 764.855000
453451.550033, 765.184400
455733.135839, 765.513800
458026.201075, 765.843200
460330.803499, 766.172600
462647.001159, 766.502000
464974.852393, 766.831400
467314.415836, 767.160800
469665.750415, 767.490200
472028.915355, 767.819600
474403.970177, 768.149000
476790.974706, 768.478400
479189.989062, 768.807800
481601.073672, 769.137200
484024.289266, 769.466600
486459.696878, 769.796000
488907.357851, 770.125400
491367.333835, 770.454800
493839.686792, 770.784200
496324.478994, 771.113600
498821.773027, 771.443000
501331.631792, 771.772400
503854.118507, 772.101800
506389.296707, 772.431200
508937.230247, 772.760600
511497.983304, 773.090000
514071.620377, 773.419400
516658.206289, 773.748800
519257.806192, 774.078200
521870.485562, 774.407600
524496.310207, 774.737000
527135.346266, 775.066400
529787.660208, 775.395800
532453.318841, 775.725200
535132.389305, 776.054600
537824.939080, 776.384000
540531.035984, 776.713400
543250.748180, 777.042800
545984.144168, 777.372200
548731.292797, 777.701600
551492.263262, 778.031000
554267.125104, 778.360400
557055.948216, 778.689800
559858.802842, 779.019200
562675.759579, 779.348600
565506.889379, 779.678000
568352.263552, 780.007400
571211.953767, 780.336800
574086.032052, 780.666200
576974.570798, 780.995600
579877.642761, 781.325000
582795.321062, 781.654400
585727.679191, 781.983800
588674.791007, 782.313200
591636.730741, 782.642600
594613.572997, 782.972000
597605.392754, 783.301400
600612.265370, 783.630800
603634.266581, 783.960200
606671.472504, 784.289600
609723.959638, 784.619000
612791.804869, 784.948400
615875.085468, 785.277800
618973.879097, 785.607200
622088.263806, 785.936600
625218.318039, 786.266000
628364.120635, 786.595400
631525.750830, 786.924800
634703.288257, 787.254200
637896.812951, 787.583600
641106.405350, 787.913000
644332.146295, 788.242400
647574.117036, 788.571800
650832.399229, 788.901200
654107.074944, 789.230600
657398.226661, 789.560000
660705.937278, 789.889400
664030.290106, 790.218800
667371.368881, 790.548200
670729.257754, 790.877600
674104.041303, 791.207000
677495.804532, 791.536400
680904.632870, 791.865800
684330.612178, 792.195200
687773.828748, 792.524600
691234.369308, 792.854000
694712.321019, 793.183400
698207.771483, 793.512800
701720.808742, 793.842200
705251.521282, 794.171600
708799.998032, 794.501000
712366.328371, 794.830400
715950.602126, 795.159800
719552.909576, 795.489200
723173.341455, 795.818600
726811.988953, 796.148000
730468.943720, 796.477400
734144.297864, 796.806800
737838.143960, 797.136200
741550.575046, 797.465600
745281.684631, 797.795000
749031.566692, 798.124400
752800.315680, 798.453800
756588.026521, 798.783200
760394.794618, 799.112600
764220.715854, 799.442000
768065.886596, 799.771400
771930.403695, 800.100800
775814.364488, 800.430200
779717.866803, 800.759600
783641.008961, 801.089000
787583.889776, 801.418400
791546.608559, 801.747800
795529.265123, 802.077200
799531.959781, 802.406600
803554.793352, 802.736000
807597.867161, 803.065400
811661.283044, 803.394800
815745.143349, 803.724200
819849.550937, 804.053600
823974.609191, 804.383000
828120.422010, 804.712400
832287.093818, 805.041800
836474.729562, 805.371200
840683.434721, 805.700600
844913.315301, 806.030000
849164.477843, 806.359400
853437.029423, 806.688800
857731.077657, 807.018200
862046.730703, 807.347600
866384.097261, 807.677000
870743.286579, 808.006400
875124.408455, 808.335800
879527.573240, 808.665200
883952.891837, 808.994600
888400.475712, 809.324000
892870.436887, 809.653400
897362.887951, 809.982800
901877.942058, 810.312200
906415.712932, 810.641600
910976.314868, 810.971000
915559.862737, 811.300400
920166.471988, 811.629800
924796.258650, 811.959200
929449.339337, 812.288600
934125.831249, 812.618000
938825.852176, 812.947400
943549.520500, 813.276800
948296.955200, 813.606200
953068.275851, 813.935600
957863.602633, 814.265000
962683.056328, 814.594400
967526.758327, 814.923800
972394.830631, 815.253200
977287.395856, 815.582600
982204.577234, 815.912000
987146.498617, 816.241400
992113.284480, 816.570800
997105.059925, 816.900200
1002121.950683, 817.229600
1007164.083118, 817.559000
1012231.584229, 817.888400
1017324.581655, 818.217800
1022443.203676, 818.547200
1027587.579217, 818.876600
1032757.837855, 819.206000
1037954.109815, 819.535400
1043176.525979, 819.864800
1048425.217888, 820.194200
1053700.317744, 820.523600
1059001.958414, 820.853000
1064330.273434, 821.182400
1069685.397011, 821.511800
1075067.464029, 821.841200
1080476.610049, 822.170600
1085912.971315, 822.500000
1091376.684756, 822.829400
1096867.887989, 823.158800
1102386.719327, 823.488200
1107933.317773, 823.817600
1113507.823036, 824.147000
1119110.375522, 824.476400
1124741.116348, 824.805800
1130400.187338, 825.135200
1136087.731031, 825.464600
1141803.890682, 825.794000
1147548.810269, 826.123400
1153322.634493, 826.452800
1159125.508781, 826.782200
1164957.579296, 827.111600
1170818.992933, 827.441000
1176709.897327, 827.770400
1182630.440857, 828.099800
1188580.772646, 828.429200
1194561.042570, 828.758600
1200571.401258, 829.088000
1206612.000096, 829.417400
1212682.991232, 829.746800
1218784.527582, 830.076200
1224916.762827, 830.405600
1231079.851425, 830.735000
1237273.948609, 831.064400
1243499.210395, 831.393800
1249755.793581, 831.723200
1256043.855756, 832.052600
1262363.555301, 832.382000
1268715.051396, 832.711400
1275098.504019, 833.040800
1281514.073954, 833.370200
1287961.922794, 833.699600
1294442.212946, 834.029000
1300955.107633, 834.358400
1307500.770898, 834.687800
1314079.367613, 835.017200
1320691.063476, 835.346600
1327336.025021, 835.676000
1334014.419617, 836.005400
1340726.415479, 836.334800
1347472.181666, 836.664200
1354251.888087, 836.993600
1361065.705507, 837.323000
1367913.805551, 837.652400
1374796.360706, 837.981800
1381713.544327, 838.311200
1388665.530641, 838.640600
1395652.494754, 838.970000
1402674.612649, 839.299400
1409732.061198, 839.628800
1416825.018161, 839.958200
1423953.662193, 840.287600
1431118.172848, 840.617000
1438318.730582, 840.946400
1445555.516762, 841.275800
1452828.713663, 841.605200
1460138.504482, 841.934600
1467485.073335, 842.264000
1474868.605264, 842.593400
1482289.286242, 842.922800
1489747.303180, 843.252200
1497242.843928, 843.581600
1504776.097280, 843.911000
1512347.252981, 844.240400
1519956.501731, 844.569800
1527604.035188, 844.899200
1535290.045977, 845.228600
1543014.727689, 845.558000
1550778.274892, 845.887400
1558580.883130, 846.216800
1566422.748932, 846.546200
1574304.069818, 846.875600
1582225.044299, 847.205000
1590185.871885, 847.534400
1598186.753091, 847.863800
1606227.889441, 848.193200
1614309.483471, 848.522600
1622431.738738, 848.852000
1630594.859822, 849.181400
1638799.052334, 849.510800
1647044.522917, 849.840200
1655331.479255, 850.169600
1663660.130077, 850.499000
1672030.685163, 850.828400
1680443.355346, 851.157800
1688898.352523, 851.487200
1697395.889654, 851.816600
1705936.180773, 852.146000
1714519.440989, 852.475400
1723145.886495, 852.804800
1731815.734569, 853.134200
1740529.203586, 853.463600
1749286.513017, 853.793000
1758087.883438, 854.122400
1766933.536534, 854.451800
1775823.695107, 854.781200
1784758.583079, 855.110600
1793738.425499, 855.440000
1802763.448548, 855.769400
1811833.879545, 856.098800
1820949.946952, 856.428200
1830111.880382, 856.757600
1839319.910602, 857.087000
1848574.269541, 857.416400
1857875.190295, 857.745800
1867222.907131, 858.075200
1876617.655497, 858.404600
1886059.672024, 858.734000
1895549.194534, 859.063400
1905086.462046, 859.392800
1914671.714781, 859.722200
1924305.194170, 860.051600
1933987.142856, 860.381000
1943717.804705, 860.710400
1953497.424810, 861.039800
1963326.249496, 861.369200
1973204.526329, 861.698600
1983132.504118, 862.028000
1993110.432925, 862.357400
2003138.564073, 862.686800
2013217.150145, 863.016200
2023346.444997, 863.345600
2033526.703762, 863.675000
2043758.182857, 864.004400
2054041.139989, 864.333800
2064375.834162, 864.663200
2074762.525681, 864.992600
2085201.476163, 865.322000
2095692.948541, 865.651400
2106237.207070, 865.980800
2116834.517335, 866.310200
2127485.146258, 866.639600
2138189.362102, 866.969000
2148947.434482, 867.298400
2159759.634367, 867.627800
2170626.234093, 867.957200
2181547.507362, 868.286600
2192523.729256, 868.616000
2203555.176241, 868.945400
2214642.126171, 869.274800
2225784.858302, 869.604200
2236983.653293, 869.933600
2248238.793214, 870.263000
2259550.561556, 870.592400
2270919.243237, 870.921800
2282345.124605, 871.251200
2293828.493453, 871.580600
2305369.639019, 871.910000
2316968.851997, 872.239400
2328626.424545, 872.568800
2340342.650288, 872.898200
2352117.824332, 873.227600
2363952.243265, 873.557000
2375846.205167, 873.886400
2387800.009621, 874.215800
2399813.957714, 874.545200
2411888.352049, 874.874600
2424023.496751, 875.204000
2436219.697477, 875.533400
2448477.261420, 875.862800
2460796.497318, 876.192200
2473177.715465, 876.521600
2485621.227714, 876.851000
2498127.347488, 877.180400
2510696.389787, 877.509800
2523328.671194, 877.839200
2536024.509888, 878.168600
2548784.225647, 878.498000
2561608.139857, 878.827400
2574496.575524, 879.156800
2587449.857275, 879.486200
2600468.311375, 879.815600
2613552.265727, 880.145000
2626702.049884, 880.474400
2639917.995060, 880.803800
2653200.434132, 881.133200
2666549.701654, 881.462600
2679966.133863, 881.792000
2693450.068686, 882.121400
2707001.845752, 882.450800
2720621.806399, 882.780200
2734310.293682, 883.109600
2748067.652380, 883.439000
2761894.229009, 883.768400
2775790.371829, 884.097800
2789756.430850, 884.427200
2803792.757844, 884.756600
2817899.706354, 885.086000
2832077.631700, 885.415400
2846326.890990, 885.744800
2860647.843130, 886.074200
2875040.848831, 886.403600
2889506.270619, 886.733000
2904044.472844, 887.062400
2918655.821688, 887.391800
2933340.685177, 887.721200
2948099.433188, 888.050600
2962932.437459, 888.380000
2977840.071599, 888.709400
2992822.711095, 889.038800
3007880.733326, 889.368200
3023014.517567, 889.697600
3038224.445002, 890.027000
3053510.898734, 890.356400
3068874.263792, 890.685800
3084314.927144, 891.015200
3099833.277703, 891.344600
3115429.706340, 891.674000
3131104.605891, 892.003400
3146858.371172, 892.332800
3162691.398982, 892.662200
3178604.088117, 892.991600
3194596.839382, 893.321000
3210670.055594, 893.650400
3226824.141602, 893.979800
3243059.504288, 894.309200
3259376.552583, 894.638600
3275775.697474, 894.968000
3292257.352018, 895.297400
3308821.931348, 895.626800
3325469.852688, 895.956200
3342201.535358, 896.285600
3359017.400792, 896.615000
3375917.872540, 896.944400
3392903.376285, 897.273800
3409974.339853, 897.603200
3427131.193221, 897.932600
3444374.368530, 898.262000
3461704.300094, 898.591400
3479121.424413, 898.920800
3496626.180184, 899.250200
3514219.008310, 899.579600
3531900.351914, 899.909000
3549670.656346, 900.238400
3567530.369199, 900.567800
3585479.940316, 900.897200
3603519.821805, 901.226600
3621650.468048, 901.556000
3639872.335714, 901.885400
3658185.883767, 902.214800
3676591.573484, 902.544200
3695089.868460, 902.873600
3713681.234624, 903.203000
3732366.140248, 903.532400
3751145.055960, 903.861800
3770018.454759, 904.191200
3788986.812019, 904.520600
3808050.605509, 904.850000
3827210.315402, 905.179400
3846466.424284, 905.508800
3865819.417173, 905.838200
3885269.781523, 906.167600
3904818.007245, 906.497000
3924464.586712, 906.826400
3944210.014774, 907.155800
3964054.788773, 907.485200
3983999.408551, 907.814600
4004044.376467, 908.144000
4024190.197406, 908.473400
4044437.378794, 908.802800
4064786.430609, 909.132200
4085237.865397, 909.461600
4105792.198279, 909.791000
4126449.946973, 910.120400
4147211.631797, 910.449800
4168077.775689, 910.779200
4189048.904219, 911.108600
4210125.545600, 911.438000
4231308.230703, 911.767400
4252597.493069, 912.096800
4273993.868924, 912.426200
4295497.897194, 912.755600
4317110.119514, 913.085000
4338831.080244, 913.414400
4360661.326485, 913.743800
4382601.408089, 914.073200
4404651.877675, 914.402600
4426813.290642, 914.732000
4449086.205183, 915.061400
4471471.182302, 915.390800
4493968.785823, 915.720200
4516579.582407, 916.049600
4539304.141567, 916.379000
4562143.035682, 916.708400
4585096.840008, 917.037800
4608166.132699, 917.367200
4631351.494815, 917.696600
4654653.510341, 918.026000
4678072.766199, 918.355400
4701609.852267, 918.684800
4725265.361386, 919.014200
4749039.889384, 919.343600
4772934.035085, 919.673000
4796948.400326, 920.002400
4821083.589973, 920.331800
4845340.211933, 920.661200
4869718.877175, 920.990600
4894220.199739, 921.320000
4918844.796755, 921.649400
4943593.288459, 921.978800
4968466.298208, 922.308200
4993464.452494, 922.637600
5018588.380960, 922.967000
5043838.716421, 923.296400
5069216.094872, 923.625800
5094721.155509, 923.955200
5120354.540745, 924.284600
5146116.896225, 924.614000
5172008.870841, 924.943400
5198031.116751, 925.272800
5224184.289394, 925.602200
5250469.047507, 925.931600
5276886.053141, 926.261000
5303435.971679, 926.590400
5330119.471848, 926.919800
5356937.225746, 927.249200
5383889.908846, 927.578600
5410978.200024, 927.908000
5438202.781571, 928.237400
5465564.339208, 928.566800
5493063.562109, 928.896200
5520701.142915, 929.225600
5548477.777751, 929.555000
5576394.166245, 929.884400
5604451.011545, 930.213800
5632649.020337, 930.543200
5660988.902862, 930.872600
5689471.372935, 931.202000
5718097.147962, 931.531400
5746866.948960, 931.860800
5775781.500570, 932.190200
5804841.531083, 932.519600
5834047.772453, 932.849000
5863400.960316, 933.178400
5892901.834009, 933.507800
5922551.136589, 933.837200
5952349.614853, 934.166600
5982298.019355, 934.496000
6012397.104423, 934.825400
6042647.628183, 935.154800
6073050.352575, 935.484200
6103606.043370, 935.813600
6134315.470195, 936.143000
6165179.406548, 936.472400
6196198.629819, 936.801800
6227373.921309, 937.131200
6258706.066249, 937.460600
6290195.853823, 937.790000
6321844.077184, 938.119400
6353651.533477, 938.448800
6385619.023855, 938.778200
6417747.353506, 939.107600
6450037.331665, 939.437000
6482489.771640, 939.766400
6515105.490834, 940.095800
6547885.310758, 940.425200
6580830.057058, 940.754600
6613940.559536, 941.084000
6647217.652167, 941.413400
6680662.173122, 941.742800
6714274.964790, 942.072200
6748056.873798, 942.401600
6782008.751032, 942.731000
6816131.451661, 943.060400
6850425.835154, 943.389800
6884892.765306, 943.719200
6919533.110258, 944.048600
6954347.742518, 944.378000
6989337.538985, 944.707400
7024503.380970, 945.036800
7059846.154217, 945.366200
7095366.748926, 945.695600
7131066.059779, 946.025000
7166944.985957, 946.354400
7203004.431164, 946.683800
7239245.303654, 947.013200
7275668.516249, 947.342600
7312274.986363, 947.672000
7349065.636027, 948.001400
7386041.391911, 948.330800
7423203.185347, 948.660200
7460551.952353, 948.989600
7498088.633655, 949.319000
7535814.174716, 949.648400
7573729.525751, 949.977800
7611835.641760, 950.307200
7650133.482545, 950.636600
7688624.012739, 950.966000
7727308.201828, 951.295400
7766187.024174, 951.624800
7805261.459045, 951.954200
7844532.490632, 952.283600
7884001.108080, 952.613000
7923668.305511, 952.942400
7963535.082048, 953.271800
8003602.441841, 953.601200
8043871.394093, 953.930600
8084342.953082, 954.260000
8125018.138193, 954.589400
8165897.973937, 954.918800
8206983.489982, 955.248200
8248275.721173, 955.577600
8289775.707566, 955.907000
8331484.494446, 956.236400
8373403.132361, 956.565800
8415532.677141, 956.895200
8457874.189930, 957.224600
8500428.737212, 957.554000
8543197.390835, 957.883400
8586181.228040, 958.212800
8629381.331489, 958.542200
8672798.789291, 958.871600
8716434.695029, 959.201000
8760290.147788, 959.530400
8804366.252185, 959.859800
8848664.118392, 960.189200
8893184.862168, 960.518600
8937929.604885, 960.848000
8982899.473558, 961.177400
9028095.600873, 961.506800
9073519.125212, 961.836200
9119171.190687, 962.165600
9165052.947167, 962.495000
9211165.550304, 962.824400
9257510.161566, 963.153800
9304087.948265, 963.483200
9350900.083585, 963.812600
9397947.746613, 964.142000
9445232.122369, 964.471400
9492754.401836, 964.800800
9540515.781987, 965.130200
9588517.465818, 965.459600
9636760.662380, 965.789000
9685246.586803, 966.118400
9733976.460336, 966.447800
9782951.510367, 966.777200
9832172.970463, 967.106600
9881642.080396, 967.436000
9931360.086178, 967.765400
9981328.240086, 968.094800
10031547.800701, 968.424200
10082020.032936, 968.753600
10132746.208066, 969.083000
10183727.603765, 969.412400
10234965.504133, 969.741800
10286461.199733, 970.071200
10338215.987619, 970.400600
10390231.171373, 970.730000
10442508.061135, 971.059400
10495047.973635, 971.388800
10547852.232231, 971.718200
10600922.166938, 972.047600
10654259.114461, 972.377000
10707864.418232, 972.706400
10761739.428444, 973.035800
10815885.502080, 973.365200
10870304.002952, 973.694600
10924996.301734, 974.024000
10979963.775996, 974.353400
11035207.810239, 974.682800
11090729.795930, 975.012200
11146531.131536, 975.341600
11202613.222563, 975.671000
11258977.481585, 976.000400
11315625.328285, 976.329800
11372558.189489, 976.659200
11429777.499201, 976.988600
11487284.698641, 977.318000
11545081.236280, 977.647400
11603168.567876, 977.976800
11661548.156512, 978.306200
11720221.472632, 978.635600
11779189.994078, 978.965000
11838455.206129, 979.294400
11898018.601535, 979.623800
11957881.680559, 979.953200
12018045.951009, 980.282600
12078512.928282, 980.612000
12139284.135398, 980.941400
12200361.103041, 981.270800
12261745.369595, 981.600200
12323438.481186, 981.929600
12385441.991718, 982.259000
12447757.462911, 982.588400
12510386.464348, 982.917800
12573330.573503, 983.247200
12636591.375792, 983.576600
12700170.464603, 983.906000
12764069.441345, 984.235400
12828289.915483, 984.564800
12892833.504578, 984.894200
12957701.834331, 985.223600
13022896.538622, 985.553000
13088419.259553, 985.882400
13154271.647486, 986.211800
13220455.361087, 986.541200
13286972.067369, 986.870600
13353823.441729, 987.200000
13421011.167997, 987.529400
13488536.938473, 987.858800
13556402.453972, 988.188200
13624609.423866, 988.517600
13693159.566128, 988.847000
13762054.607374, 989.176400
13831296.282908, 989.505800
13900886.336764, 989.835200
13970826.521752, 990.164600
14041118.599500, 990.494000
14111764.340500, 990.823400
14182765.524151, 991.152800
14254123.938806, 991.482200
14325841.381814, 991.811600
14397919.659570, 992.141000
14470360.587554, 992.470400
14543165.990384, 992.799800
14616337.701855, 993.129200
14689877.564990, 993.458600
14763787.432086, 993.788000
14838069.164756, 994.117400
14912724.633984, 994.446800
14987755.720164, 994.776200
15063164.313152, 995.105600
15138952.312313, 995.435000
15215121.626567, 995.764400
15291674.174441, 996.093800
15368611.884112, 996.423200
15445936.693460, 996.752600
15523650.550115, 997.082000
15601755.411505, 997.411400
15680253.244907, 997.740800
15759146.027497, 998.070200
15838435.746397, 998.399600
15918124.398730, 998.729000
15998213.991664, 999.058400
16078706.542467, 999.387800
16159604.078556, 999.717200
16240908.637550, 1000.046600
16322622.267319, 1000.376000
16404747.026037, 1000.705400
16487284.982232, 1001.034800
16570238.214841, 1001.364200
16653608.813260, 1001.693600
16737398.877399, 1002.023000
16821610.517730, 1002.352400
16906245.855347, 1002.681800
16991307.022014, 1003.011200
17076796.160222, 1003.340600
17162715.423240, 1003.670000
17249066.975172, 1003.999400
17335852.991010, 1004.328800
17423075.656688, 1004.658200
17510737.169141, 1004.987600
17598839.736354, 1005.317000
17687385.577424, 1005.646400
17776376.922612, 1005.975800
17865816.013400, 1006.305200
17955705.102547, 1006.634600
18046046.454148, 1006.964000
18136842.343688, 1007.293400
18228095.058102, 1007.622800
18319806.895831, 1007.952200
18411980.166878, 1008.281600
18504617.192872, 1008.611000
18597720.307120, 1008.940400
18691291.854672, 1009.269800
18785334.192372, 1009.599200
18879849.688927, 1009.928600
18974840.724957, 1010.258000
19070309.693065, 1010.587400
19166258.997887, 1010.916800
19262691.056160, 1011.246200
19359608.296781, 1011.575600
19457013.160867, 1011.905000
19554908.101815, 1012.234400
19653295.585369, 1012.563800
19752178.089678, 1012.893200
19851558.105358, 1013.222600
19951438.135558, 1013.552000
20051820.696020, 1013.881400
20152708.315144, 1014.210800
20254103.534052, 1014.540200
20356008.906649, 1014.869600
20458426.999692, 1015.199000
20561360.392851, 1015.528400
20664811.678776, 1015.857800
20768783.463160, 1016.187200
20873278.364807, 1016.516600
20978299.015698, 1016.846000
21083848.061055, 1017.175400
21189928.159409, 1017.504800
21296541.982668, 1017.834200
21403692.216184, 1018.163600
21511381.558816, 1018.493000
21619612.723007, 1018.822400
21728388.434844, 1019.151800
21837711.434130, 1019.481200
21947584.474455, 1019.810600
22058010.323260, 1020.140000
22168991.761912, 1020.469400
22280531.585773, 1020.798800
22392632.604268, 1021.128200
22505297.640956, 1021.457600
22618529.533604, 1021.787000
22732331.134256, 1022.116400
22846705.309307, 1022.445800
22961654.939573, 1022.775200
23077182.920362, 1023.104600
23193292.161554, 1023.434000
23309985.587665, 1023.763400
23427266.137927, 1024.092800
23545136.766363, 1024.422200
23663600.441853, 1024.751600
23782660.148220, 1025.081000
23902318.884296, 1025.410400
24022579.664002, 1025.739800
24143445.516425, 1026.069200
24264919.485889, 1026.398600
24387004.632038, 1026.728000
24509704.029909, 1027.057400
24633020.770010, 1027.386800
24756957.958399, 1027.716200
24881518.716761, 1028.045600
25006706.182488, 1028.375000
25132523.508757, 1028.704400
25258973.864610, 1029.033800
25386060.435034, 1029.363200
25513786.421038, 1029.692600
25642155.039740, 1030.022000
25771169.524442, 1030.351400
25900833.124715, 1030.680800
26031149.106479, 1031.010200
26162120.752087, 1031.339600
26293751.360405, 1031.669000
26426044.246898, 1031.998400
26559002.743711, 1032.327800
26692630.199756, 1032.657200
26826929.980793, 1032.986600
26961905.469518, 1033.316000
27097560.065643, 1033.645400
27233897.185989, 1033.974800
27370920.264566, 1034.304200
27508632.752662, 1034.633600
27647038.118930, 1034.963000
27786139.849475, 1035.292400
27925941.447941, 1035.621800
28066446.435601, 1035.951200
28207658.351444, 1036.280600
28349580.752266, 1036.610000
28492217.212756, 1036.939400
28635571.325592, 1037.268800
28779646.701524, 1037.598200
28924446.969472, 1037.927600
29069975.776613, 1038.257000
29216236.788475, 1038.586400
29363233.689028, 1038.915800
29510970.180776, 1039.245200
29659449.984854, 1039.574600
29808676.841118, 1039.904000
29958654.508240, 1040.233400
30109386.763804, 1040.562800
30260877.404400, 1040.892200
30413130.245720, 1041.221600
30566149.122654, 1041.551000
30719937.889387, 1041.880400
30874500.419495, 1042.209800
31029840.606043, 1042.539200
31185962.361685, 1042.868600
31342869.618760, 1043.198000
31500566.329390, 1043.527400
31659056.465585, 1043.856800
31818344.019338, 1044.186200
31978433.002725, 1044.515600
32139327.448011, 1044.845000
32301031.407748, 1045.174400
32463548.954877, 1045.503800
32626884.182831, 1045.833200
32791041.205640, 1046.162600
32956024.158033, 1046.492000
33121837.195540, 1046.821400
33288484.494601, 1047.150800
33455970.252669, 1047.480200
33624298.688314, 1047.809600
33793474.041334, 1048.139000
33963500.572855, 1048.468400
34134382.565446, 1048.797800
34306124.323221, 1049.127200
34478730.171950, 1049.456600
34652204.459167, 1049.786000
34826551.554280, 1050.115400
35001775.848682, 1050.444800
35177881.755859, 1050.774200
35354873.711503, 1051.103600
35532756.173625, 1051.433000
35711533.622664, 1051.762400
35891210.561602, 1052.091800
36071791.516079, 1052.421200
36253281.034502, 1052.750600
36435683.688164, 1053.080000
36619004.071358, 1053.409400
36803246.801492, 1053.738800
36988416.519206, 1054.068200
37174517.888489, 1054.397600
37361555.596794, 1054.727000
37549534.355161, 1055.056400
37738458.898332, 1055.385800
37928333.984870, 1055.715200
38119164.397280, 1056.044600
38310954.942131, 1056.374000
38503710.450174, 1056.703400
38697435.776467, 1057.032800
38892135.800492, 1057.362200
39087815.426285, 1057.691600
39284479.582554, 1058.021000
39482133.222804, 1058.350400
39680781.325466, 1058.679800
39880428.894016, 1059.009200
40081080.957106, 1059.338600
40282742.568687, 1059.668000
40485418.808142, 1059.997400
40689114.780405, 1060.326800
40893835.616098, 1060.656200
41099586.471656, 1060.985600
41306372.529458, 1061.315000
41514198.997957, 1061.644400
41723071.111812, 1061.973800
41932994.132018, 1062.303200
42143973.346042, 1062.632600
42356014.067952, 1062.962000
42569121.638554, 1063.291400
42783301.425525, 1063.620800
42998558.823549, 1063.950200
43214899.254452, 1064.279600
43432328.167339, 1064.609000
43650851.038732, 1064.938400
43870473.372706, 1065.267800
44091200.701031, 1065.597200
44313038.583307, 1065.926600
44535992.607107, 1066.256000
44760068.388117, 1066.585400
44985271.570278, 1066.914800
45211607.825926, 1067.244200
45439082.855939, 1067.573600
45667702.389875, 1067.903000
45897472.186122, 1068.232400
46128398.032039, 1068.561800
46360485.744104, 1068.891200
46593741.168058, 1069.220600
46828170.179055, 1069.550000
47063778.681810, 1069.879400
47300572.610745, 1070.208800
47538557.930141, 1070.538200
47777740.634286, 1070.867600
48018126.747629, 1071.197000
48259722.324929, 1071.526400
48502533.451409, 1071.855800
48746566.242908, 1072.185200
48991826.846038, 1072.514600
49238321.438334, 1072.844000
49486056.228413, 1073.173400
49735037.456131, 1073.502800
49985271.392738, 1073.832200
50236764.341037, 1074.161600
50489522.635541, 1074.491000
50743552.642637, 1074.820400
50998860.760740, 1075.149800
51255453.420460, 1075.479200
51513337.084762, 1075.808600
51772518.249126, 1076.138000
52033003.441715, 1076.467400
52294799.223536, 1076.796800
52557912.188609, 1077.126200
52822348.964127, 1077.455600
53088116.210630, 1077.785000
53355220.622168, 1078.114400
53623668.926471, 1078.443800
53893467.885118, 1078.773200
54164624.293710, 1079.102600
54437144.982036, 1079.432000
54711036.814250, 1079.761400
54986306.689042, 1080.090800
55262961.539811, 1080.420200
55541008.334838, 1080.749600
55820454.077469, 1081.079000
56101305.806281, 1081.408400
56383570.595268, 1081.737800
56667255.554014, 1082.067200
56952367.827874, 1082.396600
57238914.598153, 1082.726000
57526903.082290, 1083.055400
57816340.534035, 1083.384800
58107234.243634, 1083.714200
58399591.538014, 1084.043600
58693419.780967, 1084.373000
58988726.373332, 1084.702400
59285518.753186, 1085.031800
59583804.396029, 1085.361200
59883590.814974, 1085.690600
60184885.560932, 1086.020000
60487696.222808, 1086.349400
60792030.427689, 1086.678800
61097895.841035, 1087.008200
61405300.166876, 1087.337600
61714251.147999, 1087.667000
62024756.566154, 1087.996400
62336824.242238, 1088.325800
62650462.036500, 1088.655200
62965677.848737, 1088.984600
63282479.618492, 1089.314000
63600875.325254, 1089.643400
63920872.988660, 1089.972800
64242480.668696, 1090.302200
64565706.465902, 1090.631600
64890558.521574, 1090.961000
65217045.017967, 1091.290400
65545174.178508, 1091.619800
65874954.267995, 1091.949200
66206393.592813, 1092.278600
66539500.501134, 1092.608000
66874283.383138, 1092.937400
67210750.671215, 1093.266800
67548910.840182, 1093.596200
67888772.407498, 1093.925600
68230343.933472, 1094.255000
68573634.021487, 1094.584400
68918651.318211, 1094.913800
69265404.513814, 1095.243200
69613902.342193, 1095.572600
69964153.581185, 1095.902000
70316167.052794, 1096.231400
70669951.623409, 1096.560800
71025516.204028, 1096.890200
71382869.750486, 1097.219600
71742021.263674, 1097.549000
72102979.789773, 1097.878400
72465754.420476, 1098.207800
72830354.293222, 1098.537200
73196788.591420, 1098.866600
73565066.544687, 1099.196000
73935197.429076, 1099.525400
74307190.567310, 1099.854800
74681055.329021, 1100.184200
75056801.130979, 1100.513600
75434437.437335, 1100.843000
75813973.759857, 1101.172400
76195419.658169, 1101.501800
76578784.739995, 1101.831200
76964078.661397, 1102.160600
77351311.127020, 1102.490000
77740491.890336, 1102.819400
78131630.753892, 1103.148800
78524737.569552, 1103.478200
78919822.238751, 1103.807600
79316894.712738, 1104.137000
79715964.992835, 1104.466400
80117043.130679, 1104.795800
80520139.228483, 1105.125200
80925263.439287, 1105.454600
81332425.967215, 1105.784000
81741637.067731, 1106.113400
82152907.047896, 1106.442800
82566246.266633, 1106.772200
82981665.134980, 1107.101600
83399174.116360, 1107.431000
83818783.726840, 1107.760400
84240504.535395, 1108.089800
84664347.164178, 1108.419200
85090322.288786, 1108.748600
85518440.638527, 1109.078000
85948712.996694, 1109.407400
86381150.200831, 1109.736800
86815763.143012, 1110.066200
87252562.770113, 1110.395600
87691560.084085, 1110.725000
88132766.142237, 1111.054400
88576192.057507, 1111.383800
89021848.998749, 1111.713200
89469748.191010, 1112.042600
89919900.915815, 1112.372000
90372318.511449, 1112.701400
90827012.373245, 1113.030800
91283993.953867, 1113.360200
91743274.763606, 1113.689600
92204866.370661, 1114.019000
92668780.401436, 1114.348400
93135028.540831, 1114.677800
93603622.532538, 1115.007200
94074574.179334, 1115.336600
94547895.343381, 1115.666000
95023597.946522, 1115.995400
95501693.970584, 1116.324800
95982195.457678, 1116.654200
96465114.510504, 1116.983600
96950463.292653, 1117.313000
97438254.028918, 1117.642400
97928499.005595, 1117.971800
98421210.570800, 1118.301200
98916401.134776, 1118.630600
99414083.170204, 1118.960000
99914269.212521, 1119.289400
100416971.860235, 1119.618800
100922203.775240, 1119.948200
101429977.683135, 1120.277600
101940306.373548, 1120.607000
102453202.700455, 1120.936400
102968679.582505, 1121.265800
103486750.003346, 1121.595200
104007427.011949, 1121.924600
104530723.722939, 1122.254000
105056653.316928, 1122.583400
105585229.040842, 1122.912800
106116464.208255, 1123.242200
106650372.199729, 1123.571600
107186966.463148, 1123.901000
107726260.514056, 1124.230400
108268267.935997, 1124.559800
108813002.380860, 1124.889200
109360477.569222, 1125.218600
109910707.290691, 1125.548000
110463705.404256, 1125.877400
111019485.838636, 1126.206800
111578062.592629, 1126.536200
112139449.735466, 1126.865600
112703661.407165, 1127.195000
113270711.818888, 1127.524400
113840615.253297, 1127.853800
114413386.064917, 1128.183200
114989038.680491, 1128.512600
115567587.599353, 1128.842000
116149047.393786, 1129.171400
116733432.709390, 1129.500800
117320758.265453, 1129.830200
117911038.855320, 1130.159600
118504289.346769, 1130.489000
119100524.682379, 1130.818400
119699759.879913, 1131.147800
120302010.032691, 1131.477200
120907290.309976, 1131.806600
121515615.957349, 1132.136000
122127002.297099, 1132.465400
122741464.728607, 1132.794800
123359018.728731, 1133.124200
123979679.852200, 1133.453600
124603463.732006, 1133.783000
125230386.079791, 1134.112400
125860462.686252, 1134.441800
126493709.421533, 1134.771200
127130142.235625, 1135.100600
127769777.158770, 1135.430000
128412630.301863, 1135.759400
129058717.856859, 1136.088800
129708056.097180, 1136.418200
130360661.378124, 1136.747600
131016550.137280, 1137.077000
131675738.894938, 1137.406400
132338244.254509, 1137.735800
133004082.902940, 1138.065200
133673271.611137, 1138.394600
134345827.234385, 1138.724000
135021766.712773, 1139.053400
135701107.071625, 1139.382800
136383865.421919, 1139.712200
137070058.960731, 1140.041600
137759704.971656, 1140.371000
138452820.825251, 1140.700400
139149423.979469, 1141.029800
139849531.980102, 1141.359200
140553162.461219, 1141.688600
141260333.145613, 1142.018000
141971061.845244, 1142.347400
142685366.461693, 1142.676800
143403264.986608, 1143.006200
144124775.502161, 1143.335600
144849916.181500, 1143.665000
145578705.289207, 1143.994400
146311161.181763, 1144.323800
147047302.308003, 1144.653200
147787147.209587, 1144.982600
148530714.521462, 1145.312000
149278022.972336, 1145.641400
150029091.385147, 1145.970800
150783938.677536, 1146.300200
151542583.862325, 1146.629600
152305046.048000, 1146.959000
153071344.439183, 1147.288400
153841498.337124, 1147.617800
154615527.140183, 1147.947200
155393450.344321, 1148.276600
156175287.543588, 1148.606000
156961058.430620, 1148.935400
157750782.797131, 1149.264800
158544480.534417, 1149.594200
159342171.633852, 1149.923600
160143876.187393, 1150.253000
160949614.388087, 1150.582400
161759406.530579, 1150.911800
162573273.011624, 1151.241200
163391234.330598, 1151.570600
164213311.090019, 1151.900000
165039523.996061, 1152.229400
165869893.859078, 1152.558800
166704441.594130, 1152.888200
167543188.221506, 1153.217600
168386154.867254, 1153.547000
169233362.763718, 1153.876400
170084833.250065, 1154.205800
170940587.772830, 1154.535200
171800647.886450, 1154.864600
172665035.253811, 1155.194000
173533771.646793, 1155.523400
174406878.946817, 1155.852800
175284379.145396, 1156.182200
176166294.344691, 1156.511600
177052646.758067, 1156.841000
177943458.710649, 1157.170400
178838752.639890, 1157.499800
179738551.096133, 1157.829200
180642876.743179, 1158.158600
181551752.358858, 1158.488000
182465200.835604, 1158.817400
183383245.181029, 1159.146800
184305908.518505, 1159.476200
185233214.087746, 1159.805600
186165185.245393, 1160.135000
187101845.465601, 1160.464400
188043218.340631, 1160.793800
188989327.581447, 1161.123200
189940197.018308, 1161.452600
190895850.601374, 1161.782000
191856312.401305, 1162.111400
192821606.609868, 1162.440800
193791757.540548, 1162.770200
194766789.629158, 1163.099600
195746727.434458, 1163.429000
196731595.638770, 1163.758400
197721419.048602, 1164.087800
198716222.595270, 1164.417200
199716031.335529, 1164.746600
200720870.452205, 1165.076000
201730765.254825, 1165.405400
202745741.180257, 1165.734800
203765823.793350, 1166.064200
204791038.787581, 1166.393600
205821411.985697, 1166.723000
206856969.340370, 1167.052400
207897736.934845, 1167.381800
208943740.983606, 1167.711200
209995007.833027, 1168.040600
211051563.962040, 1168.370000
212113435.982803, 1168.699400
213180650.641367, 1169.028800
214253234.818354, 1169.358200
215331215.529629, 1169.687600
216414619.926983, 1170.017000
217503475.298819, 1170.346400
218597809.070836, 1170.675800
219697648.806720, 1171.005200
220803022.208840, 1171.334600
221913957.118946, 1171.664000
223030481.518868, 1171.993400
224152623.531222, 1172.322800
225280411.420120, 1172.652200
226413873.591879, 1172.981600
227553038.595737, 1173.311000
228697935.124574, 1173.640400
229848592.015635, 1173.969800
231005038.251251, 1174.299200
232167302.959578, 1174.628600
233335415.415321, 1174.958000
234509405.040479, 1175.287400
235689301.405081, 1175.616800
236875134.227935, 1175.946200
238066933.377373, 1176.275600
239264728.872004, 1176.605000
240468550.881472, 1176.934400
241678429.727215, 1177.263800
242894395.883227, 1177.593200
244116479.976829, 1177.922600
245344712.789435, 1178.252000
246579125.257336, 1178.581400
247819748.472468, 1178.910800
249066613.683205, 1179.240200
250319752.295142, 1179.569600
251579195.871884, 1179.899000
252844976.135845, 1180.228400
254117124.969045, 1180.557800
255395674.413913, 1180.887200
256680656.674094, 1181.216600
257972104.115260, 1181.546000
259270049.265927, 1181.875400
260574524.818272, 1182.204800
261885563.628959, 1182.534200
263203198.719962, 1182.863600
264527463.279402, 1183.193000
265858390.662381, 1183.522400
267196014.391820, 1183.851800
268540368.159307, 1184.181200
269891485.825942, 1184.510600
271249401.423194, 1184.840000
272614149.153753, 1185.169400
273985763.392396, 1185.498800
275364278.686851, 1185.828200
276749729.758668, 1186.157600
278142151.504092, 1186.487000
279541578.994942, 1186.816400
280948047.479496, 1187.145800
282361592.383380, 1187.475200
283782249.310455, 1187.804600
285210054.043719, 1188.134000
286645042.546206, 1188.463400
288087250.961891, 1188.792800
289536715.616605, 1189.122200
290993473.018943, 1189.451600
292457559.861188, 1189.781000
293929013.020235, 1190.110400
295407869.558520, 1190.439800
296894166.724950, 1190.769200
298387941.955846, 1191.098600
299889232.875883, 1191.428000
301398077.299039, 1191.757400
302914513.229547, 1192.086800
304438578.862852, 1192.416200
305970312.586571, 1192.745600
307509752.981467, 1193.075000
309056938.822410, 1193.404400
310611909.079365, 1193.733800
312174702.918364, 1194.063200
313745359.702499, 1194.392600
315323918.992911, 1194.722000
316910420.549784, 1195.051400
318504904.333351, 1195.380800
320107410.504899, 1195.710200
321717979.427779, 1196.039600
323336651.668423, 1196.369000
324963467.997369, 1196.698400
326598469.390282, 1197.027800
328241697.028992, 1197.357200
329893192.302528, 1197.686600
331552996.808160, 1198.016000
333221152.352451, 1198.345400
334897700.952304, 1198.674800
336582684.836024, 1199.004200
338276146.444382, 1199.333600
339978128.431681, 1199.663000
341688673.666835, 1199.992400
343407825.234443, 1200.321800
345135626.435879, 1200.651200
346872120.790381, 1200.980600
348617352.036147, 1201.310000
350371364.131434, 1201.639400
352134201.255672, 1201.968800
353905907.810571, 1202.298200
355686528.421239, 1202.627600
357476107.937311, 1202.957000
359274691.434075, 1203.286400
361082324.213607, 1203.615800
362899051.805913, 1203.945200
364724919.970078, 1204.274600
366559974.695414, 1204.604000
368404262.202622, 1204.933400
370257828.944955, 1205.262800
372120721.609387, 1205.592200
373992987.117793, 1205.921600
375874672.628124, 1206.251000
377765825.535600, 1206.580400
379666493.473904, 1206.909800
381576724.316378, 1207.239200
383496566.177232, 1207.568600
385426067.412755, 1207.898000
387365276.622533, 1208.227400
389314242.650673, 1208.556800
391273014.587031, 1208.886200
393241641.768455, 1209.215600
395220173.780019, 1209.545000
397208660.456279, 1209.874400
399207151.882526, 1210.203800
401215698.396044, 1210.533200
403234350.587383, 1210.862600
405263159.301633, 1211.192000
407302175.639698, 1211.521400
409351450.959593, 1211.850800
411411036.877730, 1212.180200
413480985.270221, 1212.509600
415561348.274183, 1212.839000
417652178.289055, 1213.168400
419753527.977915, 1213.497800
421865450.268804, 1213.827200
423987998.356066, 1214.156600
426121225.701680, 1214.486000
428265186.036612, 1214.815400
430419933.362167, 1215.144800
432585521.951348, 1215.474200
434762006.350226, 1215.803600
436949441.379308, 1216.133000
439147882.134925, 1216.462400
441357383.990614, 1216.791800
443578002.598516, 1217.121200
445809793.890778, 1217.450600
448052814.080958, 1217.780000
450307119.665445, 1218.109400
452572767.424881, 1218.438800
454849814.425588, 1218.768200
457138318.021012, 1219.097600
459438335.853161, 1219.427000
461749925.854059, 1219.756400
464073146.247207, 1220.085800
466408055.549048, 1220.415200
468754712.570440, 1220.744600
471113176.418140, 1221.074000
473483506.496290, 1221.403400
475865762.507915, 1221.732800
478260004.456424, 1222.062200
480666292.647128, 1222.391600
483084687.688749, 1222.721000
485515250.494956, 1223.050400
487958042.285893, 1223.379800
490413124.589726, 1223.709200
492880559.244187, 1224.038600
495360408.398136, 1224.368000
497852734.513125, 1224.697400
500357600.364970, 1225.026800
502875069.045336, 1225.356200
505405203.963322, 1225.685600
507948068.847058, 1226.015000
510503727.745315, 1226.344400
513072245.029113, 1226.673800
515653685.393345, 1227.003200
518248113.858405, 1227.332600
520855595.771829, 1227.662000
523476196.809936, 1227.991400
526109982.979485, 1228.320800
528757020.619340, 1228.650200
531417376.402135, 1228.979600
534091117.335960, 1229.309000
536778310.766041, 1229.638400
539479024.376445, 1229.967800
542193326.191778, 1230.297200
544921284.578902, 1230.626600
547662968.248654, 1230.956000
550418446.257581, 1231.285400
553187788.009675, 1231.614800
555971063.258123, 1231.944200
558768342.107067, 1232.273600
561579695.013361, 1232.603000
564405192.788357, 1232.932400
567244906.599680, 1233.261800
570098907.973022, 1233.591200
572967268.793950, 1233.920600
575850061.309705, 1234.250000
578747358.131035, 1234.579400
581659232.234012, 1234.908800
584585756.961878, 1235.238200
587527006.026889, 1235.567600
590483053.512173, 1235.897000
593453973.873595, 1236.226400
596439841.941630, 1236.555800
599440732.923256, 1236.885200
602456722.403838, 1237.214600
605487886.349039, 1237.544000
608534301.106729, 1237.873400
611596043.408912, 1238.202800
614673190.373657, 1238.532200
617765819.507037, 1238.861600
620874008.705087, 1239.191000
623997836.255764, 1239.520400
627137380.840915, 1239.849800
630292721.538266, 1240.179200
633463937.823406, 1240.508600
636651109.571794, 1240.838000
639854317.060772, 1241.167400
643073640.971581, 1241.496800
646309162.391398, 1241.826200
649560962.815377, 1242.155600
652829124.148702, 1242.485000
656113728.708650, 1242.814400
659414859.226663, 1243.143800
662732598.850433, 1243.473200
666067031.145998, 1243.802600
669418240.099843, 1244.132000
672786310.121018, 1244.461400
676171326.043264, 1244.790800
679573373.127149, 1245.120200
682992537.062216, 1245.449600
686428903.969141, 1245.779000
689882560.401901, 1246.108400
693353593.349959, 1246.437800
696842090.240447, 1246.767200
700348138.940375, 1247.096600
703871827.758841, 1247.426000
707413245.449257, 1247.755400
710972481.211583, 1248.084800
714549624.694572, 1248.414200
718144765.998034, 1248.743600
721757995.675100, 1249.073000
725389404.734502, 1249.402400
729039084.642873, 1249.731800
732707127.327040, 1250.061200
736393625.176349, 1250.390600
740098671.044987, 1250.720000
743822358.254322, 1251.049400
747564780.595251, 1251.378800
751326032.330569, 1251.708200
755106208.197335, 1252.037600
758905403.409266, 1252.367000
762723713.659128, 1252.696400
766561235.121152, 1253.025800
770418064.453453, 1253.355200
774294298.800466, 1253.684600
778190035.795393, 1254.014000
782105373.562662, 1254.343400
786040410.720397, 1254.672800
789995246.382903, 1255.002200
793969980.163164, 1255.331600
797964712.175351, 1255.661000
801979543.037342, 1255.990400
806014573.873257, 1256.319800
810069906.316007, 1256.649200
814145642.509853, 1256.978600
818241885.112978, 1257.308000
822358737.300071, 1257.637400
826496302.764932, 1257.966800
830654685.723075, 1258.296200
834833990.914361, 1258.625600
839034323.605632, 1258.955000
843255789.593361, 1259.284400
847498495.206321, 1259.613800
851762547.308262, 1259.943200
856048053.300599, 1260.272600
860355121.125121, 1260.602000
864683859.266709, 1260.931400
869034376.756069, 1261.260800
873406783.172476, 1261.590200
877801188.646536, 1261.919600
882217703.862959, 1262.249000
886656440.063347, 1262.578400
891117509.048999, 1262.907800
895601023.183720, 1263.237200
900107095.396657, 1263.566600
904635839.185144, 1263.896000
909187368.617555, 1264.225400
913761798.336183, 1264.554800
918359243.560124, 1264.884200
922979820.088182, 1265.213600
927623644.301782, 1265.543000
932290833.167903, 1265.872400
936981504.242028, 1266.201800
941695775.671097, 1266.531200
946433766.196490, 1266.860600
951195595.157016, 1267.190000
955981382.491914, 1267.519400
960791248.743882, 1267.848800
965625315.062106, 1268.178200
970483703.205318, 1268.507600
975366535.544857, 1268.837000
980273935.067753, 1269.166400
985206025.379828, 1269.495800
990162930.708804, 1269.825200
995144775.907438, 1270.154600
